,the,and,of,a,to[infinitive],in[preposition],as,with,to[preposition],be,it,but,not,is,that[conjunction],for[preposition],that[relative],was,have,this,by[preposition],or,all,so[adverbdegree],at,which[relative],if,will[verb],had,such,are,one,were,than,from,would,for[conjunction],on[preposition],what,shall,there,when,yet,that[demonstrative],hath,no[adjective],any,into,should,then,an,out,who[relative],may,some,so[conjunction],well,how,other,being,these,no[adverb],where,so[adverbmanner],up[adverb],upon[preposition],never,thus,much,like[preposition],now,every,do,can,might,many,could,did,before,own,after,unto,nor,most,against,only,though,been,am,without,both,must,very,whom,either,down,those,too,ever,neither,nothing,whose,having,about,because,cannot,here,over,doth,none,hast,under,rather,till,least,again,amongst,another,why,while,art[verb],o,since,done,off,through,although,even,shalt,still,same,will[noun],within,in[adverb],wilt,back,above,like[adjective],almost,few,past,dost,among,ere,enough,canst,anything,somewhat,besides,who[interrogative],oft,sith,like[verb],dare,mayst,often,up[preposition],for[adverb],each,perhaps,itself,on[adverb],like[adverb],beyond,durst,wouldst,round,until,wert,whilst,didst,by[adverb],hence,hadst,doing,quite,something,to[adverb],no[exclamation],along,mightst,upon[adverb],does,darest,has,which[interrogative],likest
1 Conycatching,5.6473393,4.122319,2.3828435,2.0810168,1.4217633,1.4455917,1.1119937,0.92136616,1.056394,0.7386815,0.5798253,0.7307387,0.675139,0.841938,0.5877681,0.86576647,0.65131056,0.50833994,0.55599684,0.54805404,0.50833994,0.69896746,0.50039715,0.31771246,0.6354249,0.2700556,0.44479746,0.5957109,0.30182683,0.3335981,0.43685466,0.38125497,0.1350278,0.111199364,0.09531374,0.2700556,0.23828435,0.16679905,0.32565528,0.23828435,0.30182683,0.24622716,0.19062749,0.32565528,0.19062749,0.16679905,0.15091342,0.24622716,0.09531374,0.4130262,0.1985703,0.2065131,0.17474186,0.15885623,0.3415409,0.30182683,0.24622716,0.079428114,0.25416997,0.08737093,0.31771246,0.08737093,0.09531374,0.15091342,0.21445592,0.25416997,0.119142175,0.22239873,0.031771246,0.111199364,0.111199364,0.12708499,0.16679905,0.079428114,0.10325655,0.12708499,0.111199364,0.031771246,0.21445592,0.023828436,0.0714853,0.06354249,0.04765687,0.04765687,0.0714853,0.0714853,0.111199364,0.06354249,0.079428114,0.04765687,0.055599682,0.119142175,0.055599682,0.055599682,0.18268467,0.12708499,0.039714057,0.015885623,0.06354249,0.031771246,0.023828436,0.06354249,0.04765687,0.09531374,0.0714853,0.007942812,0.09531374,0.04765687,0.055599682,0.039714057,0.007942812,0.023828436,0.031771246,0.08737093,0,0.0714853,0.04765687,0.04765687,0.079428114,0.04765687,0.023828436,0.079428114,0.007942812,0.015885623,0.079428114,0.031771246,0.04765687,0.015885623,0.015885623,0.031771246,0.023828436,0.007942812,0.007942812,0.17474186,0.015885623,0.04765687,0.015885623,0.015885623,0.023828436,0.007942812,0,0.007942812,0.04765687,0.039714057,0.023828436,0.007942812,0.007942812,0.031771246,0.007942812,0.015885623,0.023828436,0.015885623,0,0,0,0.007942812,0.007942812,0.023828436,0,0.055599682,0,0.055599682,0,0,0.031771246,0,0.007942812,0.007942812,0,0,0,0.031771246,0,0,0.007942812,0,0.015885623,0.007942812,0.04765687,0.007942812,0,0.007942812,0,0,0,0,0
2 Conycatching,6.0708613,4.8138685,2.4656398,2.2377236,1.5263485,1.519442,1.0428897,0.9254783,1.1464881,0.8011603,0.90475863,0.70446855,0.43511292,0.8771324,0.6492161,0.8495062,0.83569306,0.5594309,0.5456178,0.6561227,0.42820635,0.7873472,0.37295392,0.36604738,0.7182816,0.29698184,0.3798605,0.26244906,0.48345882,0.40058014,0.3798605,0.29007527,0.1657573,0.08287865,0.19338351,0.1657573,0.40058014,0.1657573,0.27626216,0.15194419,0.44892603,0.20719662,0.14503764,0.3453277,0.25554252,0.041439325,0.36604738,0.23482284,0.10359831,0.47655225,0.15194419,0.24172941,0.25554252,0.19338351,0.38676703,0.21410318,0.3177015,0.15885074,0.23482284,0.08287865,0.21410318,0.11741142,0.1795704,0.27626216,0.1657573,0.19338351,0.10359831,0.14503764,0.10359831,0.20029007,0.12431798,0.13813108,0.15885074,0.075972095,0.10359831,0.06215899,0.04834588,0.075972095,0.09669176,0.041439325,0.11741142,0.0897852,0.11741142,0.11741142,0.10359831,0.12431798,0.06906554,0.06215899,0.055252433,0.15885074,0.06215899,0.027626216,0.110504866,0.041439325,0.15194419,0.0897852,0.075972095,0.075972095,0.06906554,0.03453277,0.020719662,0.03453277,0.09669176,0.15194419,0.06906554,0.041439325,0.04834588,0.041439325,0.06215899,0.041439325,0.020719662,0.027626216,0.020719662,0.09669176,0.055252433,0.110504866,0.06215899,0.041439325,0.013813108,0.0897852,0.03453277,0.006906554,0.03453277,0.06906554,0.0897852,0.013813108,0.04834588,0.03453277,0.006906554,0.06906554,0.020719662,0.013813108,0.04834588,0.13813108,0.013813108,0.03453277,0,0.027626216,0.020719662,0.020719662,0.027626216,0.027626216,0.006906554,0.020719662,0.006906554,0,0.013813108,0.006906554,0.013813108,0,0,0.013813108,0.006906554,0.013813108,0,0.013813108,0,0.006906554,0,0.055252433,0,0.013813108,0.006906554,0,0.006906554,0,0.013813108,0.020719662,0,0.04834588,0,0.03453277,0.006906554,0,0.006906554,0.006906554,0.006906554,0,0,0,0,0,0,0.006906554,0,0,0
3 Conycatching,5.8087506,3.5548558,2.4693403,1.7732847,1.6572754,1.5246934,1.317534,1.0357971,1.2098111,0.57176,1.010938,0.6214783,0.72091484,0.32316872,0.48889625,0.72091484,0.5551873,1.1269473,0.41431886,0.81206495,0.66291016,0.42260525,0.3646006,0.3646006,0.49718264,0.49718264,0.16572754,0.14915478,0.7540603,0.6960557,0.19058667,0.48889625,0.3646006,0.1823003,0.24030493,0.44746438,0.19058667,0.41431886,0.28173682,0.07457739,0.30659595,0.40603247,0.12429566,0.22373219,0.05800464,0.15744117,0.23201856,0.17401393,0.2900232,0.17401393,0.19058667,0.13258204,0.27345043,0.19058667,0.2900232,0.08286377,0.31488234,0.24030493,0.38945973,0.2568777,0.12429566,0.19887306,0.24030493,0.34802786,0.29830956,0.19887306,0.08286377,0.09943653,0.14086841,0.008286377,0.14915478,0.09943653,0.19058667,0.06629102,0.12429566,0.16572754,0.26516408,0.14915478,0.15744117,0.11600928,0.12429566,0.09115015,0.03314551,0.11600928,0.041431885,0.08286377,0.11600928,0.1077229,0.08286377,0.03314551,0.24030493,0.08286377,0.34802786,0.12429566,0.05800464,0.14915478,0.024859132,0.041431885,0.07457739,0.03314551,0.06629102,0.049718264,0.11600928,0.20715943,0.19887306,0.024859132,0.049718264,0.05800464,0,0.024859132,0.008286377,0.016572755,0.03314551,0.016572755,0.11600928,0.15744117,0.049718264,0.12429566,0,0.06629102,0,0.008286377,0.06629102,0.1077229,0.024859132,0,0,0.03314551,0,0.08286377,0.06629102,0.008286377,0.049718264,0.049718264,0.008286377,0.041431885,0.03314551,0.05800464,0,0.008286377,0.016572755,0.008286377,0.05800464,0.03314551,0.024859132,0,0.03314551,0.05800464,0.03314551,0.03314551,0.008286377,0,0.008286377,0.024859132,0,0.03314551,0.008286377,0.024859132,0.049718264,0,0.008286377,0.016572755,0,0,0,0,0,0,0,0,0,0.016572755,0,0,0.024859132,0,0.024859132,0.008286377,0,0.016572755,0,0,0,0,0,0,0
Anatomy of Absurdity,4.8213935,2.08862,4.0731344,1.9194483,1.9845142,2.0365672,1.314334,1.0670831,1.281801,1.1321491,0.87188494,0.7352463,0.9109246,0.99551046,0.38388965,0.4619689,1.1126293,0.44895568,0.40340945,0.34485003,0.7677793,0.43594247,0.41642267,0.37087643,0.20821133,0.85236514,0.27327737,0.36436984,0.1496519,0.3188236,0.624634,0.43594247,0.29279718,0.37087643,0.39690286,0.22122455,0.019519813,0.1431453,0.3253302,0.1496519,0.34485003,0.2862906,0.13013208,0.41642267,0.21471794,0.1561585,0.22122455,0.18869153,0.279784,0.10410567,0.24725096,0.18869153,0.40340945,0.279784,0.24725096,0.20821133,0.1431453,0.1626651,0.24725096,0.26677078,0.29279718,0.1626651,0.09759906,0.18218492,0.07807925,0.08458585,0.11711887,0.09759906,0.18869153,0.052052833,0.09109246,0.17567831,0.10410567,0.13013208,0.18218492,0.26677078,0.04554623,0.09109246,0.17567831,0.06506604,0.08458585,0.21471794,0.058559436,0.1431453,0.06506604,0.1691717,0.13013208,0.09109246,0.058559436,0.11061227,0.039039627,0.08458585,0.058559436,0.08458585,0.07157265,0.052052833,0.1691717,0.09759906,0.04554623,0.07157265,0.07807925,0.09759906,0.08458585,0.07157265,0.18218492,0.039039627,0.039039627,0.07807925,0.10410567,0.019519813,0.019519813,0.09109246,0.11711887,0.058559436,0.20170473,0.013013208,0.07807925,0.11711887,0.039039627,0.019519813,0.019519813,0.013013208,0.039039627,0,0,0.039039627,0.019519813,0.13013208,0.013013208,0.013013208,0.04554623,0.006506604,0.013013208,0.039039627,0.006506604,0,0.013013208,0.058559436,0.03253302,0.026026417,0.019519813,0,0.013013208,0.006506604,0.019519813,0,0.026026417,0.019519813,0.013013208,0.039039627,0.013013208,0.006506604,0,0.013013208,0.006506604,0.019519813,0,0,0.08458585,0.019519813,0.013013208,0,0.006506604,0.013013208,0.006506604,0,0.006506604,0,0,0.006506604,0,0,0.019519813,0,0.006506604,0,0,0,0,0,0,0,0,0,0,0,0
Arbasto,3.8838654,2.342303,1.9773396,1.5143262,2.592875,1.5197734,1.2310709,1.7703453,0.93692124,0.8933435,0.5991938,1.2038349,1.1983876,0.8933435,0.8225297,0.52838,0.24512474,0.52293277,0.41398844,0.5774049,0.7190326,0.41943568,0.18520536,0.65366596,0.47390783,0.6209827,0.48480228,0.39219958,0.33228022,0.28870246,0.15796928,0.2941497,0.24512474,0.23423031,0.2941497,0.16886371,0.4248829,0.14162762,0.2941497,0.19065258,0.09260268,0.25601918,0.4357773,0.2941497,0.2941497,0.19065258,0.11983876,0.27236083,0.25057197,0.21788865,0.19609979,0.12528598,0.16886371,0.10349711,0.09260268,0.20154701,0.12528598,0.11983876,0.14162762,0.2995969,0.25057197,0.22878309,0.17975815,0.04357773,0.027236082,0.07081381,0.14707485,0.19609979,0.13073319,0.049024947,0.22878309,0.038130514,0.07626103,0.17431092,0.08715546,0.021788865,0.19609979,0.12528598,0.10894433,0.12528598,0.14162762,0.17431092,0.12528598,0.26146638,0.16341649,0.10894433,0.15796928,0.14162762,0.10349711,0.21788865,0.08715546,0.081708245,0.07081381,0.13073319,0.16341649,0.054472163,0.032683298,0.11983876,0.081708245,0.049024947,0.032683298,0.049024947,0.09260268,0.016341649,0.10349711,0.081708245,0.021788865,0.04357773,0.05991938,0.13073319,0.13073319,0.04357773,0.05991938,0.049024947,0.10349711,0.010894433,0,0.010894433,0.10349711,0.07081381,0.13073319,0.07081381,0.07081381,0.021788865,0.027236082,0.054472163,0.027236082,0.010894433,0.07626103,0.038130514,0.010894433,0.13073319,0.027236082,0.005447216,0.09260268,0,0.005447216,0.010894433,0.010894433,0.038130514,0.016341649,0.16341649,0,0.016341649,0,0.081708245,0.010894433,0.027236082,0,0.021788865,0.027236082,0.049024947,0.07081381,0.010894433,0.09260268,0.016341649,0.054472163,0.016341649,0,0.021788865,0.010894433,0.005447216,0.010894433,0.010894433,0.016341649,0.005447216,0,0.010894433,0,0.005447216,0.04357773,0,0,0.016341649,0,0,0,0,0.04357773,0,0.005447216,0,0,0,0,0,0
Black Book's Messenger,3.489011,4.2445054,2.087912,2.7335165,2.1978023,1.6208792,1.0576923,1.0576923,0.96153843,0.728022,1.1263736,0.7417582,0.6868132,0.4945055,0.9478022,0.8791209,0.6456044,0.75549453,0.7417582,0.4945055,0.41208792,0.5494506,0.5494506,0.41208792,0.75549453,0.41208792,0.4532967,0.6181319,0.5631868,0.39835164,0.23351648,0.3708791,0.1923077,0.1923077,0.21978022,0.3846154,0.41208792,0.28846154,0.1923077,0.1923077,0.260989,0.1923077,0.2747253,0.1923077,0.16483517,0.17857143,0.23351648,0.41208792,0.16483517,0.2747253,0.260989,0.24725275,0.13736264,0.06868132,0.31593406,0.1923077,0.21978022,0.28846154,0.20604396,0.10989011,0.13736264,0.12362637,0.17857143,0.24725275,0.28846154,0.12362637,0.17857143,0.23351648,0.12362637,0.12362637,0.09615385,0.1510989,0.12362637,0.09615385,0.082417585,0.13736264,0.260989,0.16483517,0.20604396,0.06868132,0.10989011,0.041208792,0.12362637,0.082417585,0,0.041208792,0.13736264,0.10989011,0.06868132,0.09615385,0.054945055,0.054945055,0.1510989,0.12362637,0.041208792,0.20604396,0,0.09615385,0.082417585,0.054945055,0.06868132,0.027472528,0.13736264,0.24725275,0.06868132,0.06868132,0.082417585,0.1510989,0.041208792,0.013736264,0,0.041208792,0.082417585,0.10989011,0.013736264,0.027472528,0.082417585,0.027472528,0.054945055,0.082417585,0,0.027472528,0.013736264,0.09615385,0.013736264,0.013736264,0.027472528,0.013736264,0,0.06868132,0.054945055,0,0.013736264,0.082417585,0,0.013736264,0,0.013736264,0.054945055,0.013736264,0,0,0,0.027472528,0.013736264,0,0,0.013736264,0.013736264,0,0.013736264,0.041208792,0,0.013736264,0,0,0,0.027472528,0,0.013736264,0,0.041208792,0.013736264,0,0.013736264,0,0,0.013736264,0,0.013736264,0,0,0,0,0,0,0.013736264,0,0,0.027472528,0,0,0,0,0,0,0
Brief Answer,3.964717,3.7140205,2.4233983,1.1142061,2.154132,1.9405757,1.2906221,0.8727948,1.1792015,0.7428041,0.80779946,0.5106778,0.6313835,0.55710304,0.89136493,0.5942433,0.44568247,0.9656453,0.4549675,0.5849582,0.4549675,0.3249768,0.8263695,0.5013928,0.31569174,0.52924794,0.18570103,0.362117,0.39925718,0.61281335,0.28783658,0.362117,0.4363974,0.08356546,0.33426183,0.2692665,0.3249768,0.16713092,0.27855152,0.25998142,0.27855152,0.25998142,0.17641596,0.22284123,0.19498608,0.14856082,0.30640668,0.19498608,0.22284123,0.3806871,0.15784587,0.064995356,0.42711234,0.29712164,0.17641596,0.092850514,0.28783658,0.29712164,0.29712164,0.15784587,0.13927576,0.12999071,0.20427112,0.23212628,0.12999071,0.10213556,0.07428041,0.027855154,0.07428041,0.046425257,0.08356546,0.120705664,0.19498608,0.18570103,0.120705664,0.10213556,0.14856082,0.3249768,0.15784587,0.14856082,0.17641596,0.13927576,0.13927576,0.120705664,0.16713092,0.092850514,0.07428041,0.08356546,0.08356546,0.08356546,0.18570103,0.064995356,0.21355617,0.13927576,0.07428041,0.18570103,0.14856082,0.027855154,0.018570103,0.120705664,0.046425257,0.08356546,0.037140206,0.027855154,0.07428041,0.027855154,0.13927576,0.037140206,0.19498608,0.027855154,0.046425257,0.027855154,0.018570103,0.018570103,0.027855154,0.14856082,0.009285051,0.046425257,0.009285051,0.027855154,0,0.046425257,0.05571031,0.018570103,0.05571031,0.037140206,0.046425257,0.046425257,0.018570103,0.018570103,0.037140206,0.027855154,0.046425257,0.027855154,0.009285051,0,0,0.064995356,0.009285051,0.009285051,0.009285051,0,0.05571031,0.009285051,0.009285051,0,0.046425257,0.009285051,0.009285051,0,0,0,0.009285051,0.009285051,0,0.009285051,0.027855154,0.018570103,0.018570103,0.018570103,0.009285051,0,0.009285051,0.018570103,0,0.009285051,0.009285051,0.018570103,0,0,0.009285051,0,0,0,0,0.018570103,0.009285051,0,0,0,0,0,0,0,0,0,0
Christ's Tears,4.3992815,3.5697932,3.2580748,1.3930471,1.6325597,1.8104329,0.8682329,0.94748336,0.9809447,0.9527667,1.0883731,1.0249727,1.1183121,1.1658624,0.48606953,0.7449544,0.7519989,0.3927301,0.8277271,0.36455214,0.37864113,0.70092636,0.5952591,0.318763,0.25712374,0.39625233,0.35750765,0.49839738,0.24655701,0.114472896,0.47902504,0.28001833,0.2941073,0.24479589,0.43323588,0.3451798,0.13384524,0.34694093,0.21661794,0.5089641,0.2958684,0.2941073,0.13560635,0.23070692,0.32580748,0.38744673,0.28001833,0.25007924,0.2870628,0.09510056,0.1637843,0.3434187,0.07572822,0.15321757,0.09862281,0.16906767,0.077489346,0.15145645,0.11799514,0.08453383,0.13560635,0.16554542,0.0739671,0.08629495,0.26592934,0.10918953,0.18491776,0.044028036,0.11623402,0.14088972,0.12151738,0.130323,0.18315664,0.13208412,0.08629495,0.15850094,0.056355886,0.09510056,0.105667286,0.16906767,0.11623402,0.24655701,0.05987813,0.08629495,0.2130957,0.16026205,0.10390617,0.123278506,0.0739671,0.06692262,0.049311403,0.14088972,0.042266916,0.09157832,0.029939065,0.093339436,0.15673982,0.052833643,0.10390617,0.024655702,0.12503962,0.03346131,0.051072523,0.06692262,0.0739671,0.077489346,0.05811701,0.089817196,0.029939065,0.10038392,0.11271177,0.11271177,0.031700186,0.038744673,0.038744673,0.04578916,0.09157832,0.07572822,0.054594766,0.014088972,0.04755028,0.13560635,0.04578916,0.031700186,0.049311403,0.038744673,0.003522243,0.05811701,0.0739671,0.03346131,0.012327851,0.024655702,0.029939065,0.021133458,0.019372337,0.03522243,0.03346131,0.017611215,0.026416821,0.03346131,0.010566729,0.007044486,0.001761121,0.044028036,0.019372337,0.021133458,0.04578916,0.007044486,0.017611215,0.028177943,0.008805607,0,0,0.012327851,0.015850093,0.03522243,0.021133458,0.010566729,0.003522243,0.005283365,0.024655702,0.005283365,0.003522243,0.017611215,0.001761121,0.05811701,0.026416821,0.005283365,0.028177943,0.008805607,0.007044486,0,0.017611215,0.014088972,0.005283365,0.010566729,0.010566729,0.012327851,0.003522243,0.003522243,0.001761121,0,0.001761121,0,0,0,0
Ciceronis Amor,4.4196362,2.8712342,3.3567824,1.5331091,1.942193,1.7969109,1.3495947,1.4298823,1.1202018,0.71494114,0.5046643,1.0628537,0.8449304,0.6117143,0.7569965,0.7493501,0.6346536,0.66523933,0.42437682,0.6461233,0.569659,0.27527145,0.35173574,0.5008411,0.5390732,0.29438752,0.5008411,0.24086252,0.3440893,0.3708518,0.35173574,0.27909467,0.24468572,0.2370393,0.36320537,0.13763572,0.14145894,0.22556967,0.21792322,0.14528215,0.10705001,0.1299893,0.2905643,0.27144822,0.30968037,0.19116072,0.09175715,0.27144822,0.14145894,0.29438752,0.13763572,0.18733752,0.2102768,0.103226796,0.1299893,0.28674108,0.12616608,0.1835143,0.114696436,0.17969109,0.14910537,0.09558036,0.12234286,0.06117143,0.14528215,0.103226796,0.08028751,0.33261967,0.08028751,0.16057502,0.07646429,0.06499465,0.045878574,0.13381252,0.13763572,0.10705001,0.12616608,0.14145894,0.11851965,0.14145894,0.114696436,0.057348218,0.16057502,0.09558036,0.10705001,0.14528215,0.057348218,0.103226796,0.03440893,0.103226796,0.072641075,0.03440893,0.057348218,0.04205536,0.087933935,0.07646429,0.072641075,0.08028751,0.099403575,0.049701788,0.049701788,0.15292858,0.1299893,0.026762502,0.03440893,0.072641075,0.045878574,0.053525005,0.04205536,0.06499465,0.049701788,0.019116072,0.049701788,0.026762502,0.045878574,0.022939287,0.103226796,0.003823214,0.06117143,0.04205536,0.053525005,0.015292858,0.019116072,0.019116072,0.019116072,0.026762502,0.06499465,0.011469644,0.019116072,0.038232144,0.007646429,0.003823214,0.030585716,0.011469644,0.022939287,0.011469644,0.019116072,0,0.003823214,0.007646429,0.045878574,0.011469644,0,0.022939287,0.003823214,0.011469644,0.003823214,0.030585716,0.003823214,0.007646429,0.015292858,0.015292858,0.022939287,0.007646429,0.022939287,0.015292858,0.011469644,0,0.003823214,0.011469644,0.011469644,0,0.003823214,0.019116072,0.022939287,0,0,0.003823214,0,0.007646429,0,0,0,0,0.007646429,0,0,0,0,0.003823214,0,0,0,0.003823214,0,0.003823214,0
Courtly Controversy,4.0961804,3.1599107,2.7130547,1.5214385,2.1810832,1.361847,1.0533036,0.5958081,1.4788808,0.90435153,0.6383658,1.0745825,1.0320247,0.7022024,1.1490585,0.64900523,0.38301948,1.1703373,0.5319715,0.51069266,0.9681881,0.65964466,0.43621662,0.65964466,0.2766252,0.44685605,0.40429834,0.44685605,0.4681349,0.38301948,0.2766252,0.23406745,0.34046176,0.47877434,0.19150974,0.18087031,0.5532504,0.11703373,0.28726462,0.17023088,0.19150974,0.37238005,0.40429834,0.19150974,0.17023088,0.26598576,0.28726462,0.09575487,0.17023088,0.41493776,0.07447601,0.03191829,0.12767316,0.14895202,0.04255772,0.24470688,0.28726462,0.32982233,0.1383126,0.15959145,0.2127886,0.19150974,0.03191829,0.1383126,0.04255772,0.14895202,0.24470688,0.09575487,0.19150974,0.04255772,0.2766252,0.02127886,0.12767316,0.15959145,0.06383658,0.1063943,0.20214917,0.11703373,0.1063943,0.08511544,0.09575487,0.19150974,0.1383126,0.14895202,0.04255772,0.23406745,0.1063943,0.20214917,0.1063943,0.1383126,0.26598576,0.1063943,0.1063943,0.12767316,0.15959145,0.01063943,0.04255772,0.04255772,0.19150974,0.05319715,0.03191829,0.1063943,0.05319715,0.01063943,0.02127886,0.08511544,0.20214917,0.09575487,0.05319715,0.04255772,0,0.01063943,0.24470688,0.04255772,0.02127886,0.01063943,0.02127886,0,0.1383126,0.01063943,0,0.02127886,0.02127886,0.06383658,0.01063943,0.02127886,0.14895202,0.02127886,0,0.03191829,0.19150974,0.03191829,0.01063943,0,0,0,0.02127886,0.06383658,0.03191829,0.01063943,0,0,0.01063943,0,0.01063943,0,0.02127886,0.04255772,0,0.09575487,0,0.01063943,0.02127886,0.01063943,0,0,0,0.01063943,0.01063943,0,0.03191829,0,0,0.01063943,0,0,0,0.01063943,0,0.03191829,0,0,0,0,0,0.01063943,0,0,0,0,0,0,0,0,0,0.01063943,0
Disputation,3.7542138,3.8308306,2.5589948,2.1146185,1.762182,1.7264277,1.1952192,0.91429156,1.2462969,0.7508428,0.8683216,0.7865972,0.858106,0.6282562,0.9091838,0.84278274,0.67422616,0.8478905,0.54142404,0.48523852,0.52610075,0.52610075,0.49545407,0.6486873,0.62314844,0.25028092,0.4494841,0.41883746,0.5516396,0.34222087,0.28092757,0.25028092,0.2758198,0.26560426,0.1992032,0.4137297,0.30135867,0.22474205,0.36265194,0.16344877,0.28092757,0.2145265,0.30135867,0.28092757,0.19409542,0.1379099,0.2349576,0.24006538,0.11237103,0.2553887,0.20431097,0.19409542,0.17366432,0.10726325,0.26049647,0.14301768,0.18387987,0.22474205,0.14812544,0.18387987,0.08683216,0.14301768,0.18898764,0.27071202,0.14812544,0.16855654,0.15834099,0.17877209,0.20941873,0.10726325,0.1174788,0.13280213,0.17366432,0.1379099,0.09193993,0.19409542,0.12769435,0.08683216,0.09704771,0.16855654,0.14301768,0.09193993,0.06129329,0.10726325,0.06129329,0.15834099,0.18387987,0.102155484,0.056185514,0.06129329,0.07661661,0.045969967,0.051077742,0.066401064,0.08683216,0.13280213,0.020431096,0.12769435,0.07150884,0.051077742,0.051077742,0.051077742,0.051077742,0.13280213,0.030646645,0.08172438,0.09704771,0.03575442,0.010215548,0.08683216,0.030646645,0.03575442,0.051077742,0.07150884,0.07661661,0.051077742,0.066401064,0.066401064,0.10726325,0.09193993,0.030646645,0,0.04086219,0.06129329,0.030646645,0.030646645,0.102155484,0.025538871,0.005107774,0.03575442,0.005107774,0.015323322,0.020431096,0.030646645,0.005107774,0.010215548,0.020431096,0.005107774,0.051077742,0.020431096,0.03575442,0.005107774,0.005107774,0.015323322,0.04086219,0.005107774,0.010215548,0.005107774,0.045969967,0.056185514,0.005107774,0.056185514,0.020431096,0.025538871,0,0.030646645,0.005107774,0.005107774,0,0.020431096,0,0.056185514,0.005107774,0,0.010215548,0.005107774,0,0,0,0.010215548,0,0.020431096,0.005107774,0.005107774,0,0.005107774,0,0.005107774,0.030646645,0,0,0.005107774,0,0,0.005107774,0.005107774,0
English Roman Life,5.0615835,3.41646,2.6896462,1.7060539,1.832267,1.8627323,1.2403708,0.7790399,1.4188101,0.89219654,0.70940506,0.5788397,0.635418,0.85737914,0.7790399,0.57013535,0.47873962,0.7181094,0.6789398,0.69199634,0.40475258,0.5005005,0.5657832,0.3612308,0.561431,0.6484746,0.2219611,0.3568786,0.37863952,0.37428734,0.2611307,0.5266136,0.3612308,0.14362188,0.25242633,0.43086565,0.26983505,0.47873962,0.20890455,0.16538277,0.79209644,0.41345695,0.13491753,0.20455238,0.19149585,0.11315663,0.3394699,0.25242633,0.23066545,0.32641336,0.26548287,0.13491753,0.22631326,0.13926971,0.2611307,0.23501763,0.2002002,0.20455238,0.3003003,0.24807416,0.2567785,0.12621316,0.23936981,0.09139574,0.16973495,0.18279149,0.08269139,0.07398703,0.15667842,0.030465247,0.11315663,0.3568786,0.14362188,0.14797406,0.13926971,0.17408714,0.13491753,0.13056535,0.18279149,0.12621316,0.17408714,0.095747925,0.060930494,0.043521784,0.08704357,0.043521784,0.034817427,0.15232624,0.09139574,0.06528267,0.117508814,0.16538277,0.23066545,0.13491753,0.12621316,0.1784393,0.095747925,0.052226137,0.021760892,0.047873963,0.052226137,0.056578316,0.08269139,0.13056535,0.16973495,0.043521784,0.14797406,0.08269139,0.052226137,0.034817427,0.021760892,0.056578316,0.043521784,0.07398703,0.017408714,0.14797406,0.043521784,0.09139574,0.017408714,0.104452275,0,0.008704357,0.039169606,0.104452275,0.056578316,0.08704357,0,0.039169606,0.026113069,0.069634855,0.069634855,0.008704357,0.069634855,0.030465247,0.008704357,0.034817427,0.030465247,0.052226137,0.052226137,0.013056534,0.004352178,0,0.13056535,0.026113069,0.017408714,0,0.052226137,0.047873963,0.004352178,0.008704357,0,0,0.004352178,0,0,0.008704357,0.008704357,0.026113069,0.017408714,0.004352178,0.013056534,0.013056534,0,0,0.008704357,0,0.026113069,0.008704357,0,0,0,0.008704357,0,0,0,0.004352178,0,0,0,0.026113069,0,0,0,0,0,0.004352178,0
Euphues Anatomy,5.287484,2.1407099,2.986916,1.5673056,2.4100363,1.9009227,1.1728728,1.040816,1.0164897,1.6315963,1.1746104,0.80102867,1.0338656,1.3344686,1.1450714,0.64117044,0.769752,0.2762767,0.6602839,0.3423051,0.55776614,0.54039025,0.47262427,0.5681917,0.2450001,0.60641867,0.6880854,0.44829804,0.1772341,0.23457456,0.25542563,0.37879446,0.23978733,0.4343973,0.20156035,0.27280152,0.27106392,0.10773054,0.23283696,0.39443275,0.28322706,0.2415249,0.41180867,0.15464544,0.26237598,0.28148946,0.2589008,0.17028375,0.28670222,0.15985821,0.23283696,0.104255356,0.12858161,0.22241142,0.10773054,0.029539017,0.20156035,0.18939723,0.18070929,0.17375892,0.097305,0.11815607,0.09382982,0.2745391,0.05386527,0.060815625,0.22241142,0.045177322,0.18765964,0.08340429,0.09209223,0.13205679,0.11989366,0.17028375,0.11120571,0.11120571,0.057340447,0.06950357,0.09904259,0.22067384,0.04343973,0.12684402,0.10599294,0.20851071,0.07819152,0.11815607,0.17202134,0.15464544,0.20503554,0.1615958,0.11815607,0.079929106,0.031276606,0.10773054,0.18592206,0.04343973,0.1476951,0.1129433,0.06429081,0.3718441,0.11120571,0.10251777,0.100780174,0.033014197,0.07471634,0.08861705,0.090354644,0.020851072,0.1615958,0.039964553,0.09556741,0.015638303,0.11641848,0.010425536,0.059078034,0.0486525,0.012163125,0.033014197,0.066028394,0.010425536,0.060815625,0.045177322,0.013900714,0.020851072,0.033014197,0.036489375,0.10599294,0.050390087,0.09209223,0.008687946,0.020851072,0.08687946,0.005212768,0.006950357,0.057340447,0.008687946,0.017375892,0.031276606,0.031276606,0.012163125,0.013900714,0.04691491,0.027801428,0.003475179,0,0.050390087,0.02432625,0.013900714,0.033014197,0.052127678,0,0.006950357,0.026063839,0.006950357,0.050390087,0.02432625,0.001737589,0.020851072,0.012163125,0.003475179,0.013900714,0,0.013900714,0.001737589,0.005212768,0.020851072,0.001737589,0.017375892,0.010425536,0.003475179,0.02432625,0.001737589,0.003475179,0.015638303,0.001737589,0.001737589,0,0,0,0,0.003475179,0,0,0.001737589,0,0,0.001737589
Euphues His England,3.9875438,2.339508,2.2596614,1.9227084,2.440115,2.024912,1.3845416,1.1034813,0.7840945,1.2472054,1.2184606,1.087512,1.2440115,0.99968064,1.1657617,0.71382946,0.75215584,0.44873843,0.6451613,0.4423507,0.59086555,0.6643245,0.45512617,0.58288085,0.3241776,0.7297988,0.58288085,0.46790162,0.21398914,0.24592783,0.39284575,0.49345258,0.26189715,0.5190035,0.193229,0.32258064,0.41679975,0.11817311,0.25071862,0.2874481,0.3209837,0.31299904,0.3449377,0.21877994,0.19163206,0.3337592,0.17246886,0.22357075,0.29862663,0.19961673,0.23954009,0.13573939,0.28425422,0.21877994,0.11338231,0.11338231,0.21398914,0.09262217,0.16288726,0.26189715,0.08623443,0.21398914,0.24752475,0.24113701,0.052698817,0.08463749,0.21239221,0.15011178,0.22676462,0.11497924,0.21877994,0.15649952,0.16448419,0.21718301,0.16448419,0.11018844,0.16608113,0.08463749,0.12775472,0.15490259,0.06387736,0.11018844,0.23155542,0.09262217,0.039923348,0.11018844,0.15490259,0.105397634,0.15330565,0.17566273,0.1788566,0.1788566,0.07824976,0.14053018,0.25231555,0.038326412,0.12615778,0.16288726,0.0894283,0.18524434,0.1836474,0.07186203,0.0990099,0.03353561,0.07345896,0.17725967,0.043117214,0.038326412,0.08783136,0.10060684,0.046311084,0.025550943,0.08463749,0.02874481,0.0990099,0.076652825,0.003193868,0.04471415,0.052698817,0.009581603,0.083040565,0.019163206,0.020760141,0.035132546,0.07345896,0.004790802,0.052698817,0.012775471,0.07186203,0.011178537,0.03193868,0.06707122,0.017566273,0.014372405,0.046311084,0.025550943,0.019163206,0.03193868,0.04950495,0.02874481,0.027147876,0.043117214,0.041520283,0,0.012775471,0.038326412,0.041520283,0.023954008,0.012775471,0.027147876,0.001596934,0,0.030341744,0.03193868,0.022357075,0.03353561,0,0.014372405,0.014372405,0.001596934,0.004790802,0.004790802,0.006387736,0.006387736,0.011178537,0.023954008,0,0.030341744,0.009581603,0.004790802,0.025550943,0,0.001596934,0.006387736,0.003193868,0,0.00798467,0,0,0,0.003193868,0,0,0.003193868,0.001596934,0.001596934,0
Farewell to Folly,5.103674,2.6069639,3.6668208,2.4504747,2.0236866,1.931216,1.2945905,1.3941743,0.9922823,0.7042003,0.38410926,1.0207348,0.95316,0.6615215,1.0883095,0.8535761,0.5690507,0.7575488,0.34143046,0.6508518,0.64729524,0.24184658,0.36632642,0.49080628,0.4445709,0.44812748,0.23829,0.14937583,0.46235374,0.4125618,0.37343955,0.25251627,0.23473343,0.3023082,0.28808194,0.16360208,0.33787388,0.16004552,0.28096882,0.096027315,0.11381015,0.17782836,0.2596294,0.12092329,0.23829,0.18849806,0.06757478,0.25251627,0.16004552,0.13159299,0.1956112,0.15648896,0.19916776,0.12803642,0.09958388,0.23829,0.17071523,0.14937583,0.15293239,0.2062809,0.17427179,0.085357614,0.14937583,0.032009106,0.08891418,0.09958388,0.13870612,0.117366716,0.07113134,0.11025358,0.106697015,0.11025358,0.042678807,0.09958388,0.12092329,0.06757478,0.09958388,0.14226268,0.12092329,0.14581926,0.13159299,0.17427179,0.08180104,0.03912224,0.08180104,0.14581926,0.046235375,0.096027315,0.07113134,0.096027315,0.07113134,0.042678807,0.11025358,0.07824448,0.07468791,0.08891418,0.06757478,0.08180104,0.042678807,0.07113134,0.056905076,0.085357614,0.06401821,0.042678807,0.06757478,0.03912224,0.014226269,0.12803642,0.056905076,0.053348508,0.056905076,0.07824448,0.053348508,0.032009106,0.021339403,0.010669702,0.046235375,0.02489597,0.046235375,0.032009106,0.09247075,0.028452538,0.003556567,0.042678807,0.02489597,0.021339403,0.03912224,0.014226269,0.02489597,0.053348508,0.046235375,0.014226269,0.056905076,0.003556567,0.007113135,0.028452538,0.007113135,0.021339403,0.010669702,0.007113135,0.021339403,0.021339403,0.003556567,0.003556567,0.021339403,0.003556567,0.003556567,0.014226269,0.003556567,0.003556567,0.03912224,0.003556567,0.010669702,0.017782835,0.017782835,0,0.003556567,0,0.003556567,0.010669702,0.003556567,0.003556567,0.021339403,0.014226269,0.014226269,0,0,0.010669702,0.017782835,0,0.014226269,0,0.007113135,0.014226269,0.003556567,0.003556567,0,0,0,0,0,0,0,0,0,0,0
Have With You,3.5474138,3.9094827,3.1767242,2.5732758,1.6336207,1.9633621,1.1939656,0.92025864,0.8814655,0.8728448,1.4073275,0.8146552,0.67241377,0.9353448,0.4525862,0.86206895,0.5905172,0.54741377,0.6594828,0.43965518,0.3577586,1.0560344,0.49137932,0.30603448,0.46120688,0.42456895,0.43965518,0.45689654,0.3275862,0.23706897,0.20689656,0.36637932,0.23275863,0.30603448,0.24353448,0.40301725,0.21336207,0.25646552,0.21336207,0.15517241,0.25431034,0.2349138,0.15301724,0.30172414,0.3922414,0.24353448,0.32543105,0.09051724,0.1788793,0.112068966,0.3275862,0.2801724,0.109913796,0.1724138,0.1788793,0.12068965,0.112068966,0.13577586,0.1336207,0.15948276,0.12068965,0.20905173,0.1400862,0.15948276,0.1487069,0.26077586,0.24784483,0.06681035,0.15086207,0.2413793,0.08836207,0.12715517,0.15301724,0.114224136,0.11637931,0.0862069,0.1012931,0.112068966,0.09698276,0.094827585,0.14439656,0.040948275,0.075431034,0.09051724,0.2112069,0.075431034,0.1336207,0.12715517,0.10560345,0.06896552,0.06681035,0.08836207,0.12068965,0.077586204,0.032327585,0.0862069,0.10775862,0.1012931,0.18965517,0.056034483,0.10344828,0.047413792,0.0625,0.13146552,0.06681035,0.06465517,0.08405172,0.08836207,0.04525862,0.049568966,0.06465517,0.13793103,0.03448276,0.06465517,0.03448276,0.056034483,0.058189657,0.109913796,0.030172413,0.04525862,0.028017242,0.09051724,0.16163793,0.03448276,0.049568966,0.038793102,0.012931035,0.060344826,0.00862069,0.021551725,0.047413792,0.012931035,0.028017242,0.03448276,0.023706896,0.04525862,0.04310345,0.040948275,0.01724138,0.023706896,0.023706896,0.004310345,0.004310345,0.03448276,0.058189657,0.00862069,0.012931035,0.010775862,0.02586207,0.004310345,0.002155172,0,0.002155172,0.012931035,0.010775862,0.015086207,0.06896552,0.01724138,0.004310345,0.004310345,0.012931035,0.03448276,0.006465518,0.01724138,0.006465518,0.015086207,0.015086207,0,0.006465518,0.023706896,0,0,0.012931035,0.004310345,0.004310345,0.004310345,0.00862069,0,0.004310345,0,0,0.004310345,0.012931035,0,0,0,0
Lenten Stuff,4.9470096,4.606092,4.013192,2.0714445,1.2932632,1.95657,1.1709776,1.00793,1.0635145,0.67442375,1.6193582,0.75594753,0.7892982,0.7967094,0.39279628,0.6855407,0.75594753,0.6003113,0.52990437,0.4706144,0.44467503,1.2487956,0.45208627,0.34091753,0.385385,0.37426814,0.37056252,0.37797377,0.35574,0.21122064,0.24086563,0.3223894,0.30756688,0.22233751,0.39279628,0.34462315,0.22233751,0.30386126,0.18898688,0.118580006,0.33350626,0.23345438,0.08152375,0.37426814,0.15934189,0.21122064,0.23345438,0.17787,0.19639814,0.1037575,0.15563625,0.35944563,0.11487438,0.12969688,0.1926925,0.05558438,0.12599126,0.13340251,0.15563625,0.09264063,0.11487438,0.20380938,0.13710813,0.21122064,0.35944563,0.24457125,0.11487438,0.040761877,0.118580006,0.12969688,0.10746313,0.17416438,0.1037575,0.11487438,0.11116876,0.118580006,0.14822501,0.048173126,0.14451937,0.077818125,0.15934189,0.07040688,0.08522938,0.12228563,0.12969688,0.077818125,0.12599126,0.077818125,0.09634625,0.074112505,0.05187875,0.077818125,0.0444675,0.06299563,0.040761877,0.088935,0.09264063,0.05187875,0.066701256,0.029645002,0.08522938,0.0444675,0.074112505,0.17416438,0.048173126,0.05187875,0.037056252,0.14822501,0.003705625,0.05558438,0.00741125,0.08152375,0.025939375,0.077818125,0.014822501,0.05558438,0.066701256,0.077818125,0.014822501,0.018528126,0.018528126,0.029645002,0.059290003,0.029645002,0.040761877,0.059290003,0,0.029645002,0,0.018528126,0.025939375,0.02223375,0.033350628,0.066701256,0.003705625,0.02223375,0.05558438,0.011116875,0.003705625,0.014822501,0.00741125,0,0.00741125,0.02223375,0.025939375,0.00741125,0.014822501,0.011116875,0.025939375,0.003705625,0.00741125,0,0,0,0,0,0.014822501,0.003705625,0.00741125,0.00741125,0.033350628,0.011116875,0.003705625,0.033350628,0.003705625,0,0.02223375,0.003705625,0,0.025939375,0,0.003705625,0,0,0.003705625,0,0.00741125,0.003705625,0,0.003705625,0,0,0,0,0,0,0
Menaphon,4.578681,2.6869628,3.1849947,1.7872921,1.7431118,1.9278657,1.3133585,1.4097518,1.1045064,0.6466383,0.53819585,0.77917904,0.6667202,0.59442526,0.63458914,0.602458,0.69081855,0.6707366,0.35745844,0.68278575,0.47393364,0.31327817,0.4016387,0.4056551,0.38958952,0.28917986,0.38958952,0.2128685,0.47795004,0.42172062,0.29721263,0.2449996,0.32532734,0.22491767,0.37352398,0.17270464,0.22491767,0.41368786,0.22893405,0.17672102,0.18475379,0.34139287,0.18877017,0.17270464,0.14860632,0.20483573,0.12049161,0.1807374,0.2168849,0.22090128,0.18475379,0.18877017,0.2168849,0.13655715,0.16065547,0.14057355,0.14057355,0.14057355,0.072294965,0.14860632,0.16467187,0.18877017,0.22491767,0.06426219,0.15663908,0.20081934,0.09639329,0.3333601,0.10844245,0.2731143,0.104426056,0.2128685,0.06426219,0.092376895,0.104426056,0.10844245,0.11647522,0.1526227,0.06827857,0.056229416,0.11245883,0.07631135,0.06827857,0.092376895,0.044180255,0.040163867,0.056229416,0.044180255,0.060245804,0.10040967,0.08434413,0.09639329,0.008032774,0.080327734,0.10040967,0.08836051,0.048196644,0.08836051,0.06827857,0.044180255,0.008032774,0.17270464,0.044180255,0.032131094,0.012049161,0.032131094,0.032131094,0.048196644,0.092376895,0.052213028,0.044180255,0.048196644,0.032131094,0.052213028,0.040163867,0.028114708,0.072294965,0.044180255,0.060245804,0.06827857,0.060245804,0.032131094,0.052213028,0.028114708,0.056229416,0.032131094,0.036147483,0.024098322,0.024098322,0.040163867,0.012049161,0.008032774,0.036147483,0.016065547,0.016065547,0.028114708,0.016065547,0.016065547,0.008032774,0.020081934,0.016065547,0,0.020081934,0.008032774,0.032131094,0.016065547,0.004016387,0,0.004016387,0,0.028114708,0.008032774,0.008032774,0.004016387,0.004016387,0.004016387,0,0,0.020081934,0.012049161,0.008032774,0.016065547,0.004016387,0.012049161,0.004016387,0.004016387,0.008032774,0,0.012049161,0.012049161,0.004016387,0.008032774,0.004016387,0.004016387,0.004016387,0.004016387,0,0,0,0.012049161,0,0,0,0.004016387,0.004016387,0,0
Mourning Garment,4.371002,3.853183,2.4824855,2.1981926,1.4722307,1.5585339,1.2996243,1.4722307,0.81734186,0.71073204,0.578739,0.8985684,0.8579551,0.70057875,0.83257186,0.8833384,0.75134534,0.81734186,0.50766575,0.44674587,0.4772058,0.21829627,0.6295055,0.5990456,0.43659255,0.17260635,0.3350594,0.2893695,0.54320234,0.5381257,0.3959793,0.22844958,0.26906285,0.22337294,0.24875621,0.22337294,0.14214641,0.35536602,0.30459946,0.18275967,0.21829627,0.31982943,0.2893695,0.24875621,0.18783633,0.13706975,0.14722307,0.23352624,0.13706975,0.38074932,0.09645649,0.14214641,0.14722307,0.10153315,0.11676312,0.2995228,0.1319931,0.12691644,0.060919892,0.09645649,0.22337294,0.121839784,0.18783633,0.025383288,0.121839784,0.22337294,0.10660981,0.30459946,0.19291298,0.17260635,0.19291298,0.21321961,0.14722307,0.11676312,0.14214641,0.16245304,0.16245304,0.3452127,0.11168647,0.050766576,0.060919892,0.14214641,0.1319931,0.16245304,0.06599655,0.08122652,0.08122652,0.091379836,0.060919892,0.055843234,0.10153315,0.091379836,0.050766576,0.035536602,0.060919892,0.16245304,0.060919892,0.16245304,0.045689918,0.030459946,0.030459946,0.09645649,0.055843234,0.030459946,0.015229973,0.010153315,0.14214641,0.050766576,0.071073204,0.06599655,0.055843234,0.015229973,0.010153315,0.055843234,0.045689918,0.02030663,0.08122652,0.025383288,0.055843234,0.060919892,0.035536602,0.015229973,0.005076658,0.050766576,0.045689918,0.02030663,0.015229973,0.06599655,0.045689918,0.035536602,0,0.015229973,0.04061326,0.04061326,0.015229973,0.030459946,0.030459946,0.025383288,0.015229973,0.015229973,0.035536602,0.025383288,0,0.015229973,0.025383288,0.015229973,0,0.02030663,0.015229973,0.015229973,0.076149866,0.015229973,0.010153315,0.010153315,0.015229973,0.015229973,0.02030663,0,0.015229973,0.015229973,0.005076658,0.010153315,0,0.010153315,0.010153315,0.030459946,0.005076658,0.010153315,0.015229973,0.015229973,0.025383288,0.010153315,0.005076658,0.025383288,0.010153315,0.015229973,0.005076658,0,0,0,0.005076658,0,0,0,0,0,0
Never Too Late,4.0967336,3.0838296,2.5401552,2.0325754,1.6671178,1.7821693,1.3783613,1.486645,1.0986284,0.6880527,0.50532395,0.6857968,0.7489623,0.7264032,0.88882875,0.6000722,0.69030863,0.6745172,0.35868976,0.5594658,0.44892618,0.30229202,0.46020573,0.453438,0.5594658,0.27296516,0.327107,0.22107923,0.35417795,0.3632016,0.42411116,0.16016965,0.2594297,0.2594297,0.29552427,0.15114601,0.30229202,0.2977802,0.23461469,0.17821693,0.15565783,0.39929616,0.3000361,0.16242555,0.18949649,0.20077604,0.13986646,0.20528786,0.108283706,0.26394153,0.16693738,0.18272875,0.13986646,0.12633099,0.12407508,0.277477,0.112795524,0.12633099,0.0857246,0.0857246,0.13986646,0.1308428,0.1714492,0.056397762,0.17596102,0.14212236,0.10602779,0.33387476,0.108283706,0.24138242,0.112795524,0.17821693,0.09474824,0.08798051,0.12181917,0.110539615,0.13309872,0.23010287,0.05865367,0.09474824,0.112795524,0.06767731,0.13761054,0.10602779,0.08798051,0.09249233,0.112795524,0.05188594,0.09474824,0.09474824,0.08346869,0.06767731,0.054141853,0.04511821,0.0654214,0.112795524,0.04511821,0.09474824,0.0654214,0.038350478,0.031582747,0.081212774,0.09474824,0.027070927,0.0654214,0.027070927,0.027070927,0.060909584,0.06993323,0.03609457,0.078956865,0.033838656,0.04737412,0.06993323,0.056397762,0.040606387,0.04963003,0.015791373,0.07444505,0.054141853,0.054141853,0.08798051,0.013535463,0.031582747,0.060909584,0.03609457,0.056397762,0.009023642,0.027070927,0.020303193,0.015791373,0.031582747,0.040606387,0.013535463,0.04511821,0.031582747,0.018047284,0.009023642,0.020303193,0.013535463,0.022559104,0.013535463,0.011279552,0.018047284,0.011279552,0.009023642,0.006767732,0.004511821,0,0,0.027070927,0.009023642,0.004511821,0.006767732,0.015791373,0.009023642,0.006767732,0.002255911,0.006767732,0.009023642,0.002255911,0.015791373,0.002255911,0.009023642,0.015791373,0.002255911,0.004511821,0.015791373,0.006767732,0.002255911,0.006767732,0,0.006767732,0.002255911,0.002255911,0.002255911,0.002255911,0,0,0.006767732,0.002255911,0,0,0.002255911,0.004511821,0,0
Orpharion,4.4532585,2.997289,2.6860127,1.4609901,1.9279044,1.606587,1.4961342,1.3404961,1.159755,0.81835526,0.6024701,1.0041169,0.71794355,0.652676,0.9388493,0.69786125,0.5723466,0.5422231,0.4418114,0.5723466,0.49703786,0.4217291,0.46189377,0.7480671,0.52716136,0.3564615,0.386585,0.24098805,0.43177027,0.5723466,0.2861733,0.21588513,0.27613214,0.24600863,0.2560498,0.27111155,0.21086454,0.31127623,0.27613214,0.12049402,0.18074104,0.11045285,0.26609096,0.24098805,0.2861733,0.15563811,0.14559695,0.2610704,0.1606587,0.23596747,0.1305352,0.20082338,0.15061752,0.17572045,0.16567929,0.3213174,0.12551461,0.13555577,0.13555577,0.10543227,0.17572045,0.2209057,0.18074104,0.050205845,0.13555577,0.1606587,0.1958028,0.3213174,0.0953911,0.10543227,0.1305352,0.06024701,0.07530876,0.06024701,0.1907822,0.17572045,0.1606587,0.11547344,0.15563811,0.11045285,0.09037052,0.040164676,0.12551461,0.15563811,0.07028818,0.10543227,0.07028818,0.06024701,0.055226427,0.11045285,0.12551461,0.10543227,0.050205845,0.10041169,0.15061752,0.10543227,0.06024701,0.16567929,0.10041169,0.040164676,0.040164676,0.09037052,0.11045285,0.04518526,0.030123506,0.07028818,0.055226427,0.03514409,0.020082338,0.07530876,0.10041169,0.020082338,0.0953911,0.055226427,0.06024701,0.020082338,0.030123506,0.005020584,0.06024701,0.03514409,0.07028818,0,0.030123506,0.08534993,0.040164676,0.020082338,0.030123506,0.025102923,0.0652676,0.040164676,0.015061753,0.030123506,0.03514409,0.010041169,0.025102923,0.050205845,0.04518526,0.005020584,0.020082338,0.04518526,0.03514409,0.010041169,0.005020584,0.015061753,0.005020584,0.015061753,0.020082338,0.015061753,0,0,0.040164676,0.03514409,0.020082338,0.020082338,0.015061753,0.010041169,0.015061753,0.030123506,0,0.03514409,0,0,0.005020584,0,0.030123506,0.005020584,0.005020584,0.005020584,0.010041169,0,0.015061753,0.010041169,0,0.005020584,0.005020584,0,0,0,0,0,0.010041169,0,0,0,0,0,0
Pandosto,4.068272,3.103811,1.9639934,1.9990648,2.8466215,1.5314473,1.0989012,1.5080664,1.0462941,0.82417583,0.55529577,1.069675,0.9644611,0.45008183,1.361936,0.6838906,0.23380874,0.9995324,0.24549918,0.6020575,0.65466446,0.21042787,0.3799392,0.561141,0.508534,0.49684358,0.321487,0.19289221,0.6020575,0.561141,0.22796352,0.18704699,0.25718963,0.2513444,0.2221183,0.2747253,0.21627308,0.21627308,0.19873743,0.10521393,0.16366611,0.11105915,0.2221183,0.23965396,0.093523495,0.21627308,0.093523495,0.2513444,0.3156418,0.16951133,0.13444003,0.17535655,0.3507131,0.099368714,0.10521393,0.2221183,0.099368714,0.22796352,0.14613047,0.22796352,0.23380874,0.19873743,0.18704699,0.058452185,0.11105915,0.08183306,0.058452185,0.14028525,0.15197569,0.07014263,0.099368714,0.06429741,0.052606966,0.058452185,0.21042787,0.052606966,0.36240354,0.058452185,0.12274959,0.087678276,0.099368714,0.06429741,0.14028525,0.046761747,0.099368714,0.11690437,0.06429741,0.08183306,0.07014263,0.16366611,0.08183306,0.04091653,0.13444003,0.10521393,0.08183306,0.046761747,0.046761747,0.046761747,0.011690437,0.06429741,0.04091653,0.093523495,0.093523495,0.07014263,0.07014263,0.04091653,0.035071313,0.023380874,0.011690437,0.04091653,0.058452185,0.04091653,0.058452185,0.052606966,0.07014263,0.052606966,0.011690437,0.017535657,0.04091653,0.08183306,0.099368714,0.052606966,0.011690437,0.011690437,0.011690437,0.023380874,0.035071313,0.017535657,0.017535657,0.07014263,0,0.04091653,0.023380874,0.023380874,0.035071313,0.011690437,0.04091653,0.017535657,0.011690437,0.005845218,0.046761747,0.005845218,0.011690437,0.023380874,0.017535657,0.035071313,0,0.035071313,0,0,0.035071313,0.035071313,0.011690437,0.011690437,0.005845218,0.005845218,0,0.011690437,0.029226093,0.017535657,0,0.017535657,0.017535657,0.005845218,0.017535657,0.005845218,0,0.035071313,0.005845218,0,0,0.005845218,0,0.023380874,0,0,0.017535657,0,0,0,0.005845218,0,0,0,0,0,0
Penelope's Web,5.731757,2.6661232,3.67713,1.9649409,1.8997146,1.7203424,1.4105177,1.1496127,1.3452915,0.7256421,0.43212393,0.83163476,0.88055444,0.7501019,1.2474521,0.7664085,0.635956,0.77456176,0.2690583,0.6767224,0.71748877,0.14675908,0.317978,0.51365674,0.55442315,0.6196494,0.3098247,0.13045251,0.43212393,0.51365674,0.34243783,0.21198532,0.24459845,0.17121892,0.27721158,0.122299224,0.17937219,0.13045251,0.25275174,0.06522626,0.089686096,0.13045251,0.25275174,0.26090503,0.17937219,0.14675908,0.13045251,0.22013861,0.21198532,0.09783938,0.19567876,0.13860579,0.317978,0.23644517,0.089686096,0.22829188,0.29351816,0.15491235,0.13860579,0.122299224,0.10599266,0.09783938,0.20383205,0.040766407,0.05707297,0.13860579,0.09783938,0.14675908,0.08153281,0.08153281,0.122299224,0.089686096,0.04891969,0.05707297,0.10599266,0.05707297,0.13045251,0.17121892,0.09783938,0.10599266,0.13860579,0.07337954,0.05707297,0.07337954,0.04891969,0.17121892,0.07337954,0.09783938,0.040766407,0.09783938,0.15491235,0.06522626,0.10599266,0.122299224,0.04891969,0.07337954,0.024459844,0.13045251,0.08153281,0.040766407,0.040766407,0.13860579,0.08153281,0.040766407,0.040766407,0.03261313,0,0.08153281,0.05707297,0.024459844,0.024459844,0.05707297,0.05707297,0.04891969,0.08153281,0.008153282,0.05707297,0.008153282,0.03261313,0.024459844,0.024459844,0.03261313,0.040766407,0.03261313,0.016306564,0.024459844,0.089686096,0.008153282,0.024459844,0.04891969,0.03261313,0.016306564,0.04891969,0.016306564,0,0.016306564,0.03261313,0,0.024459844,0,0.024459844,0.008153282,0.008153282,0.008153282,0.008153282,0.008153282,0,0.016306564,0,0,0.07337954,0.07337954,0,0.016306564,0.008153282,0,0,0.008153282,0,0.008153282,0.016306564,0.008153282,0.008153282,0,0,0.008153282,0,0,0.008153282,0,0,0,0,0,0.008153282,0,0,0,0,0,0,0,0,0,0,0,0
Perimedes,4.4425817,3.0295773,2.9517424,1.9638367,2.0835829,1.9578494,1.365106,1.7183571,1.3291821,0.56879413,0.26942882,0.9400072,0.8681595,0.449048,1.0238295,0.55681956,0.47299725,0.71847683,0.29936534,0.49095917,0.5747815,0.23350497,0.4191115,0.56280684,0.46700993,0.449048,0.30535266,0.035923842,0.4310861,0.5089211,0.31732726,0.18560651,0.2574542,0.23949228,0.23949228,0.16165729,0.29936534,0.16764459,0.22751766,0.11974614,0.15566997,0.11375883,0.23949228,0.16764459,0.10777152,0.16165729,0.14369537,0.22751766,0.101784214,0.16764459,0.20356843,0.19159383,0.2754161,0.11375883,0.14968267,0.10777152,0.14369537,0.14968267,0.083822295,0.18560651,0.26942882,0.20955575,0.1736319,0.20955575,0.11974614,0.083822295,0.065860376,0.26942882,0.13770805,0.101784214,0.101784214,0.10777152,0.035923842,0.05388576,0.11974614,0.12573345,0.11375883,0.12573345,0.101784214,0.11375883,0.12573345,0.077834986,0.089809604,0.19159383,0.11974614,0.10777152,0.09579691,0.071847685,0.041911148,0.065860376,0.083822295,0.047898456,0.12573345,0.14369537,0.041911148,0.13172075,0.065860376,0.05987307,0.077834986,0.035923842,0.041911148,0.13770805,0.11974614,0.05388576,0.035923842,0.047898456,0.035923842,0.023949228,0.05987307,0.035923842,0.029936535,0.029936535,0.029936535,0.089809604,0.041911148,0.017961921,0.041911148,0.023949228,0.017961921,0.071847685,0.065860376,0.05388576,0.035923842,0.023949228,0.005987307,0.035923842,0.05987307,0.011974614,0.041911148,0.041911148,0.029936535,0.017961921,0.05987307,0.005987307,0.029936535,0.029936535,0.017961921,0.005987307,0.029936535,0.005987307,0.035923842,0.023949228,0.005987307,0.011974614,0,0.011974614,0.005987307,0.035923842,0,0.005987307,0.047898456,0.05987307,0.005987307,0.023949228,0,0.005987307,0,0,0.005987307,0.005987307,0,0,0.017961921,0.005987307,0.029936535,0,0.005987307,0.005987307,0,0,0,0.011974614,0,0,0,0,0,0,0,0,0,0,0,0,0,0,0
Philomela,4.2696524,3.363687,2.7271883,1.8119309,1.9048504,1.579632,1.0825125,1.3566252,1.203308,0.82233787,0.68295854,0.7619402,0.8548597,0.72941834,0.94313323,0.66902065,0.5668091,0.8269838,0.44601375,0.6922505,0.5714551,0.21371493,0.4785356,0.53428733,0.5575172,0.19513102,0.5249953,0.34844825,0.46924365,0.36238617,0.19048505,0.18583906,0.24623676,0.23694481,0.22765285,0.26946664,0.25552872,0.14402528,0.31128043,0.0789816,0.19977699,0.25088274,0.34380227,0.18583906,0.19513102,0.16725516,0.17190114,0.30663446,0.20442297,0.2973425,0.19977699,0.18119308,0.20906894,0.15331723,0.11614942,0.29269654,0.06968965,0.16260917,0.09291953,0.14402528,0.18119308,0.11614942,0.088273555,0.13008735,0.14402528,0.18583906,0.15331723,0.24159078,0.10685746,0.06504367,0.16725516,0.12079539,0.08362758,0.060397696,0.16260917,0.13008735,0.0789816,0.2183609,0.07433563,0.17190114,0.06968965,0.12544137,0.13008735,0.17654711,0.17654711,0.17190114,0.23694481,0.1393793,0.11150344,0.09291953,0.12544137,0.05110574,0.04181379,0.1579632,0.04181379,0.09756551,0.032521836,0.09291953,0.09291953,0.060397696,0.04181379,0.088273555,0.060397696,0.018583907,0.09291953,0.05110574,0.07433563,0.037167814,0.04181379,0.06504367,0.0789816,0.023229882,0.07433563,0.05110574,0.06968965,0.06504367,0.06504367,0.023229882,0.04181379,0.11614942,0.0789816,0.01393793,0.04181379,0.023229882,0.018583907,0.088273555,0.04181379,0.02787586,0.06504367,0.032521836,0.01393793,0.009291953,0.02787586,0.018583907,0.032521836,0.004645977,0.004645977,0.01393793,0.01393793,0.01393793,0.05110574,0.018583907,0,0.004645977,0.018583907,0.037167814,0.009291953,0.023229882,0.004645977,0,0.018583907,0.018583907,0,0.01393793,0.01393793,0.009291953,0,0.023229882,0.01393793,0.01393793,0,0.004645977,0.004645977,0.023229882,0.009291953,0.009291953,0.004645977,0.01393793,0.023229882,0.009291953,0,0.004645977,0,0.004645977,0.009291953,0.009291953,0.01393793,0.004645977,0,0,0.004645977,0,0,0,0,0,0.009291953
Pierce Penniless,4.037747,3.5313847,3.5544012,2.4956434,1.6769145,1.7722684,1.0982146,0.923947,1.0488936,0.828593,0.9831322,0.9864203,0.8187288,1.0521816,0.48663402,0.6674777,1.2461777,0.3649755,0.66418964,0.47348174,0.57212377,0.6543254,0.631309,0.31236643,0.43073687,0.3551113,0.47348174,0.4997863,0.20057212,0.28277382,0.4964982,0.33209482,0.2959261,0.2729096,0.30250221,0.24660507,0.2729096,0.30250221,0.27619767,0.14467497,0.25646928,0.292638,0.14138691,0.27948573,0.2334528,0.24002893,0.3649755,0.13809884,0.18741985,0.1117943,0.26962155,0.27619767,0.17097951,0.2630454,0.19728406,0.06576135,0.1019301,0.21043633,0.18741985,0.09206589,0.18084371,0.10850623,0.17426759,0.18413179,0.21701247,0.20057212,0.13809884,0.052609082,0.14467497,0.22030053,0.1117943,0.17755565,0.2334528,0.12823464,0.15782724,0.105218165,0.1117943,0.059185218,0.12823464,0.09206589,0.1019301,0.08220169,0.10850623,0.105218165,0.072337486,0.121658504,0.06576135,0.06904942,0.118370436,0.08548976,0.03945681,0.105218165,0.072337486,0.1019301,0.019728405,0.08548976,0.14796305,0.046032947,0.1019301,0.029592609,0.15782724,0.046032947,0.036168743,0.10850623,0.09206589,0.075625554,0.072337486,0.1019301,0.052609082,0.08220169,0.06904942,0.13481078,0.036168743,0.046032947,0.036168743,0.016440338,0.088777825,0.09206589,0.03945681,0.019728405,0.029592609,0.075625554,0.059185218,0.026304541,0.036168743,0.04274488,0.026304541,0.009864203,0.006576135,0.026304541,0.003288068,0.013152271,0.009864203,0.013152271,0.009864203,0.032880675,0.03945681,0.032880675,0.003288068,0.023016473,0.009864203,0.006576135,0.013152271,0.026304541,0.029592609,0.003288068,0.029592609,0.013152271,0.023016473,0.003288068,0,0.003288068,0,0.009864203,0,0.016440338,0,0.009864203,0.009864203,0.006576135,0.016440338,0.019728405,0.013152271,0.006576135,0.003288068,0.006576135,0.016440338,0.003288068,0.013152271,0.026304541,0,0,0.019728405,0.013152271,0.009864203,0.009864203,0,0.006576135,0.003288068,0,0.003288068,0.016440338,0,0,0,0.003288068,0.003288068
Planetomachia,4.402608,3.3628995,2.5963347,1.7680922,2.42305,1.7357848,1.1483787,1.8180217,0.94278663,0.66376877,0.5697838,0.9662829,0.8399906,0.56390977,1.1160715,0.60796523,0.19678101,0.70782423,0.29664004,0.54041356,0.70782423,0.3495066,0.39356202,0.53160244,0.4699248,0.60796523,0.36419174,0.14685151,0.44642857,0.63146144,0.24083647,0.24083647,0.2731438,0.24964756,0.2643327,0.20852913,0.24671052,0.1762218,0.22321428,0.102796055,0.1556626,0.13510339,0.2643327,0.17328477,0.1556626,0.24083647,0.19971804,0.24964756,0.25552163,0.19971804,0.15859963,0.21734023,0.22615132,0.114544176,0.23202537,0.21146616,0.102796055,0.108670115,0.14097744,0.18503289,0.24377349,0.13216636,0.14978853,0.13804041,0.1556626,0.16447368,0.085173875,0.10573308,0.108670115,0.06461466,0.091047935,0.07636278,0.114544176,0.096921995,0.20852913,0.06461466,0.19971804,0.10573308,0.091047935,0.102796055,0.14391448,0.14685151,0.1556626,0.19971804,0.09398496,0.1556626,0.085173875,0.0881109,0.04111842,0.1174812,0.12629229,0.04699248,0.067551695,0.096921995,0.1174812,0.067551695,0.06461466,0.06461466,0.02055921,0.11160714,0.0293703,0.07636278,0.06167763,0.02643327,0.091047935,0.05286654,0.01762218,0.0293703,0.091047935,0.04111842,0.04992951,0.04699248,0.07048872,0.07048872,0.05580357,0.03230733,0.02349624,0.01468515,0.03524436,0.07636278,0.04699248,0.03230733,0.02055921,0.04992951,0.01762218,0.06167763,0.05580357,0.01762218,0.04111842,0.02349624,0.02643327,0.04405545,0.04111842,0.00587406,0.0293703,0.01468515,0.00587406,0.02349624,0.03230733,0.04699248,0.01762218,0.02643327,0.02349624,0.00881109,0.01174812,0.01762218,0.00881109,0.04405545,0,0.00587406,0.00587406,0.04992951,0.02349624,0.00881109,0.00587406,0.00587406,0,0.0293703,0.01468515,0.01174812,0.00881109,0.01762218,0.00587406,0,0.01468515,0.00293703,0.00587406,0.01468515,0.00881109,0.00293703,0,0.00881109,0,0,0.01762218,0.00293703,0,0,0,0.00293703,0.00587406,0,0,0,0,0,0
Preface to Menaphon,4.453627,2.1120293,4.7291093,1.5381083,1.2855831,2.3415978,1.4921947,1.4003673,1.3774104,0.6198347,0.75757575,0.7805326,0.8264463,0.64279157,0.4591368,0.32139578,1.1248852,0.36730945,0.7346189,0.2754821,0.6657484,0.41322315,0.64279157,0.43618,0.25252524,0.48209366,0.3902663,0.4591368,0.13774104,0.2295684,0.29843894,0.1147842,0.13774104,0.4591368,0.4591368,0.2754821,0.04591368,0.16069789,0.18365473,0.02295684,0.06887052,0.13774104,0.20661157,0.43618,0.2295684,0.2754821,0.36730945,0.18365473,0.36730945,0.09182736,0.32139578,0.04591368,0.3443526,0.29843894,0.13774104,0.2295684,0.13774104,0.2295684,0.32139578,0.18365473,0.13774104,0.04591368,0.04591368,0.04591368,0.18365473,0.02295684,0.06887052,0.02295684,0.16069789,0.09182736,0.06887052,0.2295684,0.13774104,0.20661157,0.18365473,0.20661157,0.06887052,0.1147842,0.20661157,0.06887052,0.1147842,0.06887052,0.06887052,0.20661157,0.06887052,0.04591368,0.16069789,0.16069789,0.06887052,0.06887052,0.02295684,0.06887052,0.09182736,0.1147842,0.16069789,0.1147842,0.2754821,0.1147842,0.2295684,0.06887052,0,0.3443526,0.06887052,0.02295684,0,0.13774104,0.06887052,0.09182736,0.06887052,0.06887052,0,0.06887052,0.02295684,0.04591368,0.13774104,0.02295684,0.13774104,0,0,0.02295684,0,0.04591368,0.09182736,0,0,0.02295684,0.13774104,0.02295684,0,0,0,0.02295684,0.02295684,0.02295684,0,0.02295684,0.04591368,0.09182736,0.02295684,0.02295684,0,0,0,0.04591368,0,0,0.02295684,0.02295684,0.04591368,0,0.04591368,0,0,0.04591368,0,0,0.1147842,0,0.04591368,0,0.06887052,0,0,0.02295684,0.02295684,0,0,0.02295684,0,0,0,0,0,0,0,0,0,0,0,0,0,0,0,0,0,0,0
Quip for an Upstart Courtier,4.487763,4.085445,2.6869104,2.7635424,1.8918531,1.5182719,1.0824273,1.0105848,0.84295225,1.1303223,0.83337325,0.88605773,0.7423727,0.7375832,0.6417932,0.88126826,0.54121363,0.53642416,0.6417932,0.42626563,0.61784565,0.43584463,0.43105513,0.3113176,0.3831601,0.21073806,0.5028976,0.3687916,0.26342258,0.3352651,0.3831601,0.27779108,0.3783706,0.13410604,0.17721155,0.17721155,0.3687916,0.22989607,0.3783706,0.21073806,0.22031707,0.3065281,0.25384358,0.20594856,0.26342258,0.18679056,0.17721155,0.18200105,0.18200105,0.3783706,0.27779108,0.24905407,0.047895014,0.15326405,0.26342258,0.24905407,0.19158006,0.14847454,0.19158006,0.086211026,0.17242205,0.13410604,0.12452704,0.13889554,0.20594856,0.20115906,0.12452704,0.12931654,0.052684516,0.21552756,0.11015853,0.06705302,0.10536903,0.18200105,0.10057953,0.086211026,0.06705302,0.081421524,0.09100053,0.10057953,0.07663202,0.06705302,0.13410604,0.06705302,0.114948034,0.114948034,0.11015853,0.09579003,0.14847454,0.09100053,0.12452704,0.10536903,0.052684516,0.052684516,0.052684516,0.10536903,0.043105513,0.10057953,0.03352651,0.06226352,0.028737009,0.057474017,0.014368504,0.07184252,0.057474017,0.07184252,0.086211026,0.07184252,0.057474017,0.10536903,0.043105513,0.03352651,0.043105513,0.052684516,0.043105513,0.043105513,0.07184252,0.023947507,0.14847454,0.03831601,0.043105513,0.004789501,0.03831601,0.047895014,0.023947507,0.028737009,0.052684516,0.019158006,0.009579003,0.014368504,0.009579003,0.014368504,0.014368504,0.03352651,0.009579003,0.03352651,0.028737009,0.009579003,0.03352651,0.023947507,0.014368504,0.014368504,0.009579003,0,0.028737009,0.004789501,0.004789501,0.004789501,0.10536903,0.009579003,0,0.10057953,0.03352651,0,0,0.009579003,0.043105513,0.019158006,0,0.06226352,0.004789501,0.014368504,0.019158006,0,0,0,0.009579003,0,0.014368504,0,0,0.03831601,0,0,0.004789501,0.009579003,0.004789501,0.009579003,0.009579003,0,0,0,0,0.004789501,0,0,0
Strange News,3.4696307,2.7312427,3.604605,2.5446606,1.4013498,2.1437078,0.9487892,0.9051211,0.952759,0.82969433,1.4370782,0.8654228,0.84557366,0.9845177,0.50416833,1.0440651,0.7582374,0.44462088,0.7582374,0.49225885,0.45653036,0.48034933,0.4485907,0.2580389,0.3771338,0.32949582,0.4366812,0.52401745,0.32155618,0.21437079,0.2540691,0.3096467,0.22628027,0.34537515,0.1905518,0.2739182,0.14291385,0.28979754,0.2580389,0.19849147,0.25009924,0.2977372,0.18658198,0.32949582,0.34537515,0.2977372,0.38904327,0.162763,0.18261215,0.08336642,0.32949582,0.28185788,0.0674871,0.20643112,0.21437079,0.071456924,0.1905518,0.162763,0.11115522,0.05954744,0.10718539,0.17070267,0.05954744,0.12306471,0.21040095,0.20643112,0.17864232,0.03969829,0.1349742,0.15482335,0.099245735,0.12306471,0.2580389,0.15482335,0.08336642,0.13894403,0.04763795,0.071456924,0.14291385,0.15879317,0.071456924,0.04366812,0.06351727,0.06351727,0.15879317,0.10718539,0.10718539,0.17070267,0.15085351,0.08336642,0.05954744,0.15085351,0.14688368,0.05557761,0.023818975,0.06351727,0.10718539,0.12306471,0.14291385,0.027788805,0.162763,0.027788805,0.05160778,0.06351727,0.12703454,0.13100436,0.08336642,0.091306075,0.031758636,0.071456924,0.15879317,0.08336642,0.027788805,0.05954744,0.035728462,0.04763795,0.05557761,0.05954744,0.03969829,0.015879318,0.12703454,0.05954744,0.05954744,0.07939658,0.04366812,0.05557761,0.011909488,0.04366812,0.023818975,0.05160778,0.035728462,0.019849146,0,0.015879318,0.0674871,0.019849146,0.027788805,0.00396983,0.019849146,0.019849146,0.011909488,0.06351727,0.00396983,0.04763795,0.023818975,0.05557761,0.027788805,0.019849146,0.019849146,0.03969829,0.011909488,0,0.007939659,0.023818975,0.015879318,0.00396983,0.023818975,0.011909488,0.00396983,0.00396983,0.023818975,0.011909488,0.011909488,0.015879318,0.007939659,0.023818975,0.00396983,0,0.031758636,0.011909488,0.015879318,0.015879318,0.011909488,0.015879318,0.00396983,0.011909488,0.007939659,0,0,0,0.00396983,0,0.00396983,0.00396983,0,0,0
Terrors of the Night,4.13257,3.9689035,3.348336,2.407256,1.4593562,1.8617021,1.1047463,1.0229132,0.85924715,0.7501364,1.132024,1.0365521,0.57283145,1.2820513,0.5796508,0.42962357,0.7637752,0.4091653,0.7296781,0.42280415,0.45690125,0.99563557,0.5319149,0.23186034,0.28641573,0.47735953,0.4091653,0.45690125,0.23867977,0.2795963,0.6614839,0.33415166,0.24549918,0.30687398,0.436443,0.23867977,0.2523186,0.3477905,0.18412438,0.12956901,0.36824876,0.3136934,0.17730497,0.1909438,0.29323512,0.30687398,0.4091653,0.2182215,0.19776323,0.0954719,0.27277687,0.29323512,0.19776323,0.1909438,0.23867977,0.11593017,0.18412438,0.1568467,0.17048554,0.06819422,0.1568467,0.25913802,0.08183306,0.13638844,0.1909438,0.0954719,0.17730497,0.07501364,0.17730497,0.3477905,0.08183306,0.21140207,0.16366611,0.20458265,0.10911075,0.18412438,0.07501364,0.054555375,0.088652484,0.13638844,0.1568467,0.14320786,0.054555375,0.13638844,0.061374795,0.06819422,0.06819422,0.10229132,0.07501364,0.04091653,0.04773595,0.0954719,0.06819422,0.11593017,0.054555375,0.08183306,0.21140207,0.12274959,0.12956901,0.04091653,0.17730497,0.06819422,0.10911075,0.10911075,0.03409711,0.07501364,0.04773595,0.0954719,0.04773595,0.054555375,0.013638844,0.061374795,0.027277688,0.04773595,0.06819422,0.03409711,0.054555375,0.10911075,0.04773595,0.061374795,0,0.03409711,0.04773595,0.03409711,0.04773595,0.07501364,0,0.08183306,0,0.06819422,0,0.006819422,0.020458264,0.12956901,0,0.006819422,0.027277688,0.04091653,0.027277688,0.04773595,0.013638844,0,0.006819422,0.03409711,0.04091653,0,0.020458264,0,0.03409711,0,0,0,0,0.013638844,0,0,0.020458264,0.013638844,0.006819422,0.006819422,0.03409711,0.020458264,0.013638844,0.03409711,0,0,0.03409711,0.006819422,0,0.006819422,0,0.054555375,0.013638844,0,0,0.013638844,0,0.10229132,0.006819422,0.006819422,0,0,0.013638844,0,0,0,0
Unfortunate Traveller,3.9602752,3.1038017,3.1062417,2.4596164,1.5982627,1.7324679,1.0785223,1.122444,0.91015565,0.739349,0.968718,0.8003514,0.7832707,0.68810695,0.09272364,0.6661461,0.9638378,1.0882827,0.63686496,0.49777952,0.40749598,0.45385778,0.5221805,0.2903714,0.3977356,0.3269728,0.36113414,0.35137376,0.6710263,0.20496804,0.20496804,0.31477234,0.3391733,0.19520766,0.3342931,0.38065493,0.20740813,0.50753987,0.25132984,0.14884584,0.29525158,0.23912938,0.15372603,0.23424919,0.18056707,0.24156947,0.2879313,0.27573082,0.23424919,0.13176517,0.29281148,0.3367332,0.1098043,0.10248402,0.19764775,0.08784344,0.10492411,0.1659265,0.14640574,0.10004392,0.10492411,0.17812698,0.15616612,0.1683666,0.18544728,0.13908546,0.12932508,0.0561222,0.14152555,0.23912938,0.10492411,0.10736421,0.117124595,0.10248402,0.122004785,0.12932508,0.13664536,0.19276756,0.14884584,0.1098043,0.1634864,0.117124595,0.08296325,0.07808306,0.11468449,0.12932508,0.10004392,0.11956469,0.080523156,0.090283535,0.061002392,0.11956469,0.13176517,0.036601435,0.041481625,0.090283535,0.10492411,0.07320287,0.08296325,0.041481625,0.10736421,0.053682104,0.05124201,0.090283535,0.070762776,0.03904153,0.117124595,0.11468449,0.019520765,0.080523156,0.02196086,0.117124595,0.02196086,0.070762776,0.019520765,0.041481625,0.065882586,0.1122444,0.036601435,0.04392172,0.01708067,0.06344248,0.041481625,0.04636182,0.061002392,0.04636182,0.007320287,0.048801914,0.02196086,0.026841052,0.014640574,0.01708067,0.026841052,0.029281149,0.012200478,0.058562297,0.026841052,0.03172124,0.012200478,0.01708067,0.014640574,0.009760383,0,0.04636182,0.02196086,0.014640574,0.004880191,0.004880191,0.014640574,0.012200478,0.007320287,0.002440096,0,0.007320287,0.014640574,0.012200478,0.009760383,0.012200478,0.009760383,0.004880191,0.03416134,0.019520765,0,0.01708067,0.02196086,0,0.04636182,0.002440096,0.004880191,0.009760383,0,0.007320287,0.007320287,0,0.009760383,0.004880191,0.012200478,0.014640574,0.007320287,0.012200478,0,0.014640574,0,0.002440096,0,0,0
Vision,4.0503674,4.2654777,2.8856244,2.303253,1.5844702,1.5529906,1.0912907,1.5162644,1.0073452,0.74501574,0.5089192,0.8132214,0.7082896,0.9653725,0.6505771,0.70304304,0.62959075,0.6558237,0.43546695,0.48268625,0.37775445,0.18363065,0.55089194,0.3567681,0.4039874,0.26757607,0.28856245,0.36201468,0.3095488,0.47219306,0.43546695,0.12591815,0.22035676,0.27806926,0.35152152,0.12067156,0.36201468,0.21511018,0.24658972,0.2518363,0.22035676,0.28856245,0.23609653,0.2570829,0.24658972,0.22035676,0.19412382,0.23609653,0.07869884,0.3095488,0.19412382,0.28856245,0.13116474,0.13641134,0.24658972,0.23084995,0.18887722,0.26757607,0.11017838,0.17313746,0.14690451,0.115424976,0.11017838,0.057712488,0.19412382,0.18363065,0.07869884,0.21511018,0.07869884,0.16264428,0.13641134,0.13641134,0.13641134,0.115424976,0.09443861,0.21511018,0.13116474,0.18887722,0.07345226,0.09443861,0.07869884,0.089192025,0.12591815,0.06820567,0.07345226,0.08394544,0.07345226,0.052465897,0.115424976,0.07869884,0.06820567,0.057712488,0.104931794,0.07869884,0.03672613,0.13641134,0.031479537,0.026232949,0.04197272,0.026232949,0.062959075,0.09443861,0.03672613,0.06820567,0.047219306,0.047219306,0.062959075,0.07869884,0.07345226,0.08394544,0.15739769,0.052465897,0.062959075,0.047219306,0.04197272,0.026232949,0.089192025,0.015739769,0.052465897,0.03672613,0.03672613,0.031479537,0.00524659,0.052465897,0.04197272,0.057712488,0.01049318,0.015739769,0.09443861,0.06820567,0.015739769,0.03672613,0.026232949,0.03672613,0.03672613,0.02098636,0.026232949,0.00524659,0.01049318,0.00524659,0.031479537,0.031479537,0.00524659,0.01049318,0.031479537,0.04197272,0,0,0,0.015739769,0.03672613,0.00524659,0.02098636,0.00524659,0.01049318,0,0.00524659,0.02098636,0.00524659,0.00524659,0.015739769,0.00524659,0.00524659,0.00524659,0.00524659,0.00524659,0.015739769,0.00524659,0.02098636,0,0.00524659,0.026232949,0.015739769,0,0,0.01049318,0,0,0,0,0.00524659,0,0,0,0.00524659,0,0.00524659
Watchword,5.4032087,4.722916,3.8258932,1.1709461,1.8723097,1.6134373,0.8037085,0.7284549,1.5833359,0.89702296,0.7134042,0.5689173,0.5598868,0.54784626,1.0294694,0.5388158,0.44851148,1.0264592,0.5929984,0.3612173,0.5598868,0.3612173,0.583968,0.313055,0.61707956,0.5448361,0.2046898,0.15953764,0.30101442,0.37325788,0.1836188,0.291984,0.62611,0.15351735,0.37626803,0.27392313,0.37626803,0.31004485,0.25586227,0.14448692,0.334126,0.19264923,0.15351735,0.28295356,0.16856807,0.1836188,0.20769995,0.18662894,0.24382168,0.2317811,0.16254778,0.17458837,0.29499412,0.2528521,0.1294362,0.117395625,0.18060865,0.12040577,0.31004485,0.334126,0.16856807,0.1294362,0.24382168,0.23479125,0.12040577,0.14448692,0.1023449,0.066223174,0.08127389,0.02107101,0.075253606,0.096324615,0.15050721,0.10535505,0.14749706,0.16254778,0.12040577,0.09331447,0.16254778,0.096324615,0.20167966,0.17458837,0.09030432,0.12642606,0.2648927,0.06321303,0.04515216,0.15351735,0.048162308,0.06321303,0.10836519,0.09030432,0.13846663,0.15050721,0.06321303,0.117395625,0.07826375,0.030101443,0.08127389,0.03612173,0.018060865,0.060202885,0.04214202,0.11137533,0.05117245,0.10535505,0.06321303,0.04515216,0.033111587,0.04515216,0.018060865,0.066223174,0.048162308,0.04214202,0.027091298,0.10836519,0.027091298,0.04515216,0.012040577,0.04214202,0.009030432,0.012040577,0.018060865,0.05117245,0.024081154,0.027091298,0.003010144,0.03612173,0.012040577,0.033111587,0.19565937,0.018060865,0.06321303,0.02107101,0.003010144,0.018060865,0.030101443,0.030101443,0.003010144,0.024081154,0.02107101,0.009030432,0.03612173,0.018060865,0.006020288,0.006020288,0.009030432,0.003010144,0.009030432,0.006020288,0,0.006020288,0.009030432,0.018060865,0.02107101,0.009030432,0.006020288,0.006020288,0.027091298,0.003010144,0.015050721,0.012040577,0.009030432,0.009030432,0.018060865,0,0.012040577,0,0,0,0,0.003010144,0,0.003010144,0.012040577,0.003010144,0,0,0,0,0,0,0,0,0,0,0
Zeluato,3.3732421,3.4207525,2.2021096,1.4395667,2.2828772,1.5250856,1.0309768,0.72690994,1.0357279,0.890821,0.8670657,0.7981756,0.88844544,0.9217028,0.97158873,0.56299883,0.5202395,0.5083618,0.7459141,0.6295135,0.25893196,0.22805017,0.5249905,0.80530214,0.40621436,0.34920183,0.5582478,0.681775,0.28981376,0.45610034,0.34920183,0.26843405,0.26843405,0.28743824,0.13065374,0.39433676,0.32782212,0.31594452,0.43234512,0.5154884,0.19716838,0.24942988,0.28743824,0.23517674,0.24230331,0.21379703,0.26368302,0.16153553,0.26368302,0.368206,0.10927404,0.11640061,0.20191942,0.33257318,0.121151656,0.15678449,0.36345497,0.24467883,0.12827823,0.104522996,0.13302927,0.18529077,0.1472824,0.2708096,0.11877613,0.095020905,0.16153553,0.1259027,0.18529077,0.026130749,0.37058154,0.052261498,0.17578867,0.15916002,0.1472824,0.104522996,0.114025086,0.102147475,0.15678449,0.092645384,0.14015584,0.17103763,0.21617256,0.0736412,0.06176359,0.045134928,0.104522996,0.111649565,0.25893196,0.06176359,0.090269856,0.114025086,0.17578867,0.085518815,0.028506272,0.035632838,0.033257317,0.049885973,0.090269856,0.102147475,0.087894335,0.080767766,0.059388064,0.059388064,0.059388064,0.06413911,0.17341316,0.042759407,0.14490688,0.05463702,0.021379704,0.019004181,0.052261498,0.057012543,0.049885973,0.071265675,0.002375523,0.045134928,0.05463702,0.092645384,0.023755226,0.052261498,0.080767766,0.035632838,0.004751045,0.030881794,0.028506272,0.076016724,0,0.030881794,0.06651463,0.09977195,0.023755226,0.040383883,0.009502091,0.007126568,0.019004181,0.026130749,0.007126568,0.016628658,0.007126568,0.014253136,0.057012543,0.014253136,0.011877613,0.004751045,0.019004181,0.021379704,0.038008362,0.016628658,0.004751045,0.002375523,0.05463702,0.038008362,0.007126568,0.004751045,0.011877613,0.028506272,0.042759407,0.019004181,0.007126568,0,0.019004181,0.007126568,0.011877613,0.004751045,0.002375523,0.021379704,0,0.004751045,0,0,0.016628658,0.002375523,0.004751045,0.007126568,0.004751045,0,0,0,0,0,0,0,0,0,0
Two Dangerous Comets,3.5564854,3.2990022,1.8345671,2.4621823,1.3839717,2.4139042,1.2552301,0.64370775,0.579337,1.6092694,0.5149662,0.46668813,0.65980047,0.4988735,0.8046347,0.997747,1.158674,0.14483425,0.8529128,1.2713228,0.8207274,0.20920502,0.46668813,0.54715157,0.43450275,0.20920502,0.91728354,0.4827808,0.12874155,0.64370775,0.8046347,0.38622466,0.11264886,0.45059544,0.20920502,0.064370774,0.62761503,0.3057612,0.048278082,3.4921145,0.3057612,0.27357578,0.064370774,0.096556164,0.12874155,0.20920502,0.12874155,0.12874155,0.08046347,0.016092693,0.22529772,0.11264886,0.32185388,0.41841003,0.8046347,0.064370774,0.19311233,0.096556164,0.2413904,0.12874155,0.17701963,0.11264886,0.096556164,0.22529772,0.064370774,0.12874155,0.12874155,0.12874155,0.2413904,0,0.016092693,0.08046347,0.032185387,0.20920502,0.016092693,0.2896685,0.016092693,0.032185387,0.048278082,0.096556164,0.11264886,0.048278082,0.048278082,0.08046347,0.048278082,0.064370774,0.096556164,0,0.032185387,0.3057612,0.016092693,0.048278082,0.064370774,0,0.08046347,0.11264886,0.2896685,0.064370774,0.064370774,0.032185387,0.048278082,0.016092693,0.016092693,0.38622466,0.096556164,0.12874155,0.016092693,0.096556164,0.064370774,0.064370774,0.016092693,0.14483425,0.032185387,0.016092693,0.12874155,0.048278082,0.016092693,0.064370774,0.032185387,0.048278082,0,0,0.064370774,0.016092693,0,0.048278082,0,0,0,0.048278082,0.048278082,0.032185387,0.032185387,0.016092693,0,0,0.064370774,0,0.016092693,0.032185387,0.016092693,0,0.17701963,0.016092693,0.016092693,0,0.016092693,0,0.016092693,0,0,0,0,0.032185387,0,0.032185387,0,0.016092693,0.016092693,0.048278082,0.016092693,0,0,0.096556164,0,0,0.016092693,0,0,0.016092693,0.016092693,0.016092693,0,0,0,0.016092693,0,0,0,0,0,0,0.016092693,0,0,0,0
Wonderful Prognostication,4.768113,4.2466006,3.073198,1.2479047,1.937046,2.1791768,0.968523,1.0989012,0.8940212,2.235053,0.70776683,0.76364315,0.81951946,0.9498976,2.272304,0.7450177,0.55876327,0.037250884,0.76364315,1.3224064,0.7450177,0.18625443,0.35388342,0.5401378,0.27938163,0.3911343,0.46563604,0.16762899,0.018625442,0.6146396,0.4470106,0.14900354,0.1303781,0.4842615,0.2607562,0.055876326,0.24213076,0.24213076,0.037250884,3.4643323,0.3911343,0.14900354,0.16762899,0.18625443,0.11175265,0.1303781,0.037250884,0.14900354,0.11175265,0,0.14900354,0.35388342,0.055876326,0.18625443,0.5215124,0.09312721,0.055876326,0,0.16762899,0.2607562,0.07450177,0.055876326,0.055876326,0.09312721,0.14900354,0.1303781,0.11175265,0.055876326,0.2235053,0.037250884,0.07450177,0.018625442,0.16762899,0.14900354,0,0.24213076,0.018625442,0.07450177,0.055876326,0.07450177,0.037250884,0.1303781,0.018625442,0.07450177,0.18625443,0,0.018625442,0.018625442,0.018625442,0.09312721,0.037250884,0,0.09312721,0,0.037250884,0.14900354,0.09312721,0.018625442,0.018625442,0,0.09312721,0.09312721,0.018625442,0.037250884,0.2235053,0.07450177,0.055876326,0.07450177,0.07450177,0.018625442,0.018625442,0.037250884,0,0.1303781,0,0.037250884,0.24213076,0.037250884,0,0.07450177,0,0.018625442,0.018625442,0,0.018625442,0.16762899,0.037250884,0.018625442,0.018625442,0.018625442,0.018625442,0,0.018625442,0.07450177,0,0,0.018625442,0,0,0.037250884,0,0,0.037250884,0,0.037250884,0,0,0.018625442,0.07450177,0,0.055876326,0,0,0,0,0.018625442,0,0.037250884,0,0.018625442,0,0,0.633265,0.018625442,0,0,0,0.018625442,0,0,0,0,0,0,0,0.037250884,0.018625442,0,0,0,0,0,0,0,0,0,0