,quoth,beauty,wife,thoughts,death,honour,gentleman,son,sir,art[verb],passions,gods,together,favour,loves,fancy,age,still,heaven,money,else,means,saw,virtue,husband,folly,even,sight,book,seek,year,hands,pride,soon,word,mistress,although,high,sooner,gave,hold,in[adverb],tears,present,affection,sun,want,city,dead,daughter,revenge,earth,kind,keep,purse,within,looks,shalt,hearing,others,devil,light,pass,chamber,told,bring,lay,saith,common,fathers,makes,water,right,care,gold,sorrow,soul,able,back,read,blood,kings,less,ready,sin,wise,hard,ill,next,cast,ears,vain,deep,pray,bed,stand,talk,above,get,pleasant,rich,thinking,times,wealth,thousand,knew,virtues,call,coming,discourse,play,strange,conscience,bad,lady,comes,cut,pleasure,yea,given,hell,work,shepherd,taking,base,ere,follies,fortunes,sea,open,wanton,duke,countenance,prove,side,wine,courtesy,letter,self,certain,horse,wilt,counsel,delight,enough,truth,will[noun],borne,small,taken,course,enemy,seen,red,secret,worthy,mouth,past,four,mother,short,sword,ah,credit,few,manner,stood,children,further,honourable,sought,whatsoever,favours,same,fond,nay,please,england,grief,straight,prince,fame,whereupon,black,bear,drink,FALSE,glory,proud,wind,wits,hundred,fellow,greene,like[adjective],sundry,virtuous,draw,humour,used,conceit,divers,abroad,doctor,hate,grace,greatest,meat,oft,perfection,turn,almost,fit,tongue,beautiful,melancholy,passion,carry,english,fly,kept,people,purpose,whereas,disdain,force,learned,lust,number
1 Conycatching,0.23195647,0,0.053528413,0.008921403,0.008921403,0,0.18734945,0,0.27656347,0.026764207,0,0,0.062449817,0.053528413,0.008921403,0,0.008921403,0.03568561,0,0.28548488,0.07137122,0.044607013,0.044607013,0,0.026764207,0.008921403,0.017842805,0.026764207,0.03568561,0,0.008921403,0.008921403,0,0.08921403,0.03568561,0.017842805,0.053528413,0.07137122,0.008921403,0.03568561,0.03568561,0.19627085,0.017842805,0.017842805,0.008921403,0,0.017842805,0.026764207,0.008921403,0,0.017842805,0,0.062449817,0.026764207,0.14274244,0.008921403,0.008921403,0.017842805,0.017842805,0.026764207,0.026764207,0.03568561,0.026764207,0.03568561,0.026764207,0.053528413,0.03568561,0.47283432,0.053528413,0,0.053528413,0.008921403,0.017842805,0.017842805,0.017842805,0.008921403,0.008921403,0.03568561,0.053528413,0.017842805,0.008921403,0,0.008921403,0.044607013,0.026764207,0.008921403,0.026764207,0.017842805,0.044607013,0.017842805,0.026764207,0,0.044607013,0.11597823,0.053528413,0.026764207,0.017842805,0.017842805,0.044607013,0.008921403,0.008921403,0.026764207,0.026764207,0.017842805,0.008921403,0.03568561,0,0.044607013,0.053528413,0,0.14274244,0.008921403,0.026764207,0.044607013,0,0.21411365,0.16950664,0.008921403,0.03568561,0.017842805,0.017842805,0,0,0.044607013,0.08029262,0.044607013,0,0,0,0.026764207,0,0,0.008921403,0.026764207,0.053528413,0.16950664,0.017842805,0.017842805,0,0.053528413,0,0.017842805,0,0,0.026764207,0.008921403,0.008921403,0,0.03568561,0.044607013,0.008921403,0,0.017842805,0,0.008921403,0.008921403,0.008921403,0,0.08921403,0,0.017842805,0.053528413,0.017842805,0.062449817,0.008921403,0.03568561,0.026764207,0.008921403,0.008921403,0.044607013,0.008921403,0.026764207,0,0.026764207,0.008921403,0.062449817,0,0.053528413,0,0.10705683,0.008921403,0,0.044607013,0.017842805,0.026764207,0.07137122,0.07137122,0,0,0.008921403,0.026764207,0,0.044607013,0,0.017842805,0.026764207,0,0.08029262,0.008921403,0.026764207,0,0.008921403,0.017842805,0.008921403,0,0,0.008921403,0,0.026764207,0,0.044607013,0.026764207,0.008921403,0.026764207,0,0,0.008921403,0.026764207,0.026764207,0,0.008921403,0.017842805,0.03568561,0.008921403,0,0.017842805,0.044607013,0.07137122,0
2 Conycatching,0.20727775,0.007676954,0,0.007676954,0.015353908,0.007676954,0.20727775,0,0.12283126,0.03838477,0,0,0.03838477,0.023030862,0.007676954,0,0,0.07676954,0.023030862,0.16121604,0.0998004,0.06909259,0.08444649,0.015353908,0,0.030707816,0.03838477,0,0.046061724,0.03838477,0.015353908,0.023030862,0,0.030707816,0.06141563,0.015353908,0.053738676,0.023030862,0.015353908,0.030707816,0.030707816,0.15353908,0,0.007676954,0,0.007676954,0.030707816,0.06141563,0.030707816,0,0.03838477,0,0.053738676,0.046061724,0.34546292,0.053738676,0.015353908,0.007676954,0.023030862,0.046061724,0.030707816,0.023030862,0.053738676,0.06909259,0.053738676,0.007676954,0.09212345,0.015353908,0.053738676,0,0.053738676,0.007676954,0.015353908,0.023030862,0,0,0.007676954,0,0.03838477,0.023030862,0.007676954,0.015353908,0.007676954,0.023030862,0,0.015353908,0.053738676,0,0.07676954,0.030707816,0.030707816,0.030707816,0,0.046061724,0.03838477,0.053738676,0.007676954,0,0.023030862,0.06141563,0,0.023030862,0.053738676,0.007676954,0,0.030707816,0,0.0998004,0.046061724,0.015353908,0.13818517,0.023030862,0.015353908,0.03838477,0,0.07676954,0.09212345,0.007676954,0.015353908,0.03838477,0.007676954,0.06909259,0,0.030707816,0.16121604,0.023030862,0.007676954,0,0,0.09212345,0,0,0.023030862,0,0.03838477,0.06909259,0.015353908,0.06141563,0,0.06141563,0.32243207,0.015353908,0.03838477,0.007676954,0.007676954,0,0.015353908,0,0.023030862,0.053738676,0.03838477,0,0.03838477,0,0.015353908,0.023030862,0.007676954,0.030707816,0.046061724,0,0.023030862,0.015353908,0,0.007676954,0.023030862,0.030707816,0.03838477,0.015353908,0.015353908,0.03838477,0.007676954,0.03838477,0,0.023030862,0.007676954,0.030707816,0.023030862,0.030707816,0,0.08444649,0,0,0.030707816,0.14586212,0.015353908,0.03838477,0,0,0.015353908,0.015353908,0.030707816,0,0.06909259,0,0.030707816,0.046061724,0.007676954,0.053738676,0,0.023030862,0.007676954,0.06909259,0.053738676,0,0.007676954,0.007676954,0.007676954,0.023030862,0,0,0.030707816,0.023030862,0.03838477,0.007676954,0,0,0,0.046061724,0.015353908,0.007676954,0.03838477,0.08444649,0.046061724,0.015353908,0.015353908,0,0.015353908,0,0
3 Conycatching,0.21323939,0,0.11125533,0.018542556,0,0,0.42647877,0.027813833,0.11125533,0,0,0.009271278,0.13906917,0,0,0,0.009271278,0.092712775,0,0.101984054,0.092712775,0.046356387,0.064898945,0,0.018542556,0.009271278,0.037085112,0.037085112,0.027813833,0,0.009271278,0.027813833,0.009271278,0.018542556,0.046356387,0.12052661,0,0,0.037085112,0.083441496,0,0.055627666,0,0.046356387,0,0,0,0.074170224,0.009271278,0,0,0,0.101984054,0.027813833,0.2874096,0.055627666,0.009271278,0,0.027813833,0.064898945,0,0.018542556,0.009271278,0.092712775,0.046356387,0.046356387,0.046356387,0,0.046356387,0,0.037085112,0.009271278,0.027813833,0,0.046356387,0.009271278,0.018542556,0,0.046356387,0.027813833,0,0.009271278,0.027813833,0.064898945,0,0.018542556,0.037085112,0.027813833,0.101984054,0,0,0.027813833,0.018542556,0.037085112,0.083441496,0.027813833,0.092712775,0.037085112,0.037085112,0,0.009271278,0.101984054,0.064898945,0,0,0.092712775,0,0.018542556,0.083441496,0.046356387,0.037085112,0.018542556,0,0.027813833,0.046356387,0.027813833,0.027813833,0,0.018542556,0.027813833,0,0.055627666,0,0.064898945,0.046356387,0.037085112,0,0,0.009271278,0.055627666,0,0,0.064898945,0,0.046356387,0.11125533,0.055627666,0,0.018542556,0.037085112,0,0.009271278,0.037085112,0,0.027813833,0.037085112,0.009271278,0.009271278,0.018542556,0.046356387,0.027813833,0,0.046356387,0,0.027813833,0.046356387,0,0.018542556,0.046356387,0.027813833,0.018542556,0,0,0.027813833,0.009271278,0.064898945,0.064898945,0.027813833,0.027813833,0,0.009271278,0,0,0.074170224,0,0.009271278,0.018542556,0,0.074170224,0,0,0.009271278,0.009271278,0.009271278,0.027813833,0.009271278,0.027813833,0,0.018542556,0,0.018542556,0.009271278,0.15761171,0,0.064898945,0.037085112,0,0.009271278,0.018542556,0.092712775,0,0.12052661,0.055627666,0,0,0,0.009271278,0,0.009271278,0,0.018542556,0,0.055627666,0,0,0,0,0.046356387,0.018542556,0,0.055627666,0.037085112,0.101984054,0,0.009271278,0.009271278,0.009271278,0,0.027813833
Anatomy of Absurdity,0.007053678,0.035268392,0.0987515,0.021161035,0.04937575,0.014107357,0.014107357,0.028214714,0.028214714,0.021161035,0.007053678,0,0.007053678,0.014107357,0.028214714,0.007053678,0.063483104,0.014107357,0.028214714,0.021161035,0.035268392,0.028214714,0.014107357,0.077590466,0.028214714,0.09169782,0.14107357,0.056429427,0.035268392,0.070536785,0.007053678,0.014107357,0.070536785,0.028214714,0.007053678,0.021161035,0.021161035,0.014107357,0.04232207,0.021161035,0.014107357,0.04232207,0.014107357,0.014107357,0.028214714,0.014107357,0.035268392,0.007053678,0.021161035,0.007053678,0,0.035268392,0.14812724,0.04937575,0,0.014107357,0,0.014107357,0.014107357,0.056429427,0.007053678,0.021161035,0.04937575,0,0.014107357,0.028214714,0.035268392,0.077590466,0.14107357,0.014107357,0.063483104,0.077590466,0.014107357,0.014107357,0.035268392,0.028214714,0.035268392,0.021161035,0,0.063483104,0.007053678,0.021161035,0.04937575,0.028214714,0.028214714,0.056429427,0.007053678,0.014107357,0.007053678,0.028214714,0.021161035,0.007053678,0.035268392,0.028214714,0,0.028214714,0.021161035,0.014107357,0.014107357,0.007053678,0.021161035,0.007053678,0.08464414,0.021161035,0.007053678,0.028214714,0.014107357,0.014107357,0.007053678,0.021161035,0.007053678,0.007053678,0.007053678,0.014107357,0.007053678,0.028214714,0.007053678,0.056429427,0.04937575,0.007053678,0.014107357,0.014107357,0.014107357,0,0.007053678,0.007053678,0.028214714,0,0.028214714,0.028214714,0.021161035,0,0,0.04937575,0.021161035,0.0987515,0.007053678,0.007053678,0.028214714,0.014107357,0.007053678,0.007053678,0.035268392,0.056429427,0.021161035,0.063483104,0.007053678,0.014107357,0.021161035,0.028214714,0.014107357,0.056429427,0.035268392,0,0.014107357,0.028214714,0.021161035,0.021161035,0.014107357,0.021161035,0.014107357,0.007053678,0,0.028214714,0.028214714,0.028214714,0.007053678,0.021161035,0.028214714,0,0.021161035,0.028214714,0,0.04937575,0,0.035268392,0,0.007053678,0,0.014107357,0.007053678,0.007053678,0.007053678,0,0.007053678,0.014107357,0.014107357,0.014107357,0.04232207,0.007053678,0.063483104,0.007053678,0,0.021161035,0.063483104,0.04937575,0.021161035,0.014107357,0.014107357,0.014107357,0.007053678,0.070536785,0.014107357,0,0,0,0.021161035,0.077590466,0.014107357,0.007053678,0.021161035,0.035268392,0.014107357,0.035268392,0,0.014107357,0,0.021161035,0.021161035,0,0.014107357,0.007053678,0.021161035,0.021161035,0,0.007053678,0.112858854,0.070536785,0.014107357
Arbasto,0.18645121,0.24860162,0.006215041,0.06836545,0.22374146,0.07458048,0.012430081,0,0.06836545,0.14916097,0.23617153,0.16159105,0,0.049720325,0.024860162,0.16780609,0.024860162,0.04350528,0.006215041,0,0.024860162,0.055935364,0.06836545,0.08701056,0.006215041,0.08079553,0.012430081,0.08079553,0.012430081,0.07458048,0,0.031075202,0.006215041,0.01864512,0.024860162,0.03729024,0.031075202,0.006215041,0.08701056,0.024860162,0.012430081,0.006215041,0.03729024,0.031075202,0.14294593,0.01864512,0.04350528,0.06836545,0.01864512,0.031075202,0.062150404,0.024860162,0.01864512,0.012430081,0,0.031075202,0.06836545,0.08701056,0.055935364,0.049720325,0.006215041,0,0.08701056,0.03729024,0.006215041,0.024860162,0.031075202,0.006215041,0.012430081,0.08079553,0.01864512,0.04350528,0.01864512,0.13051584,0.03729024,0.08079553,0.006215041,0.06836545,0,0.024860162,0.01864512,0,0.07458048,0.03729024,0,0.049720325,0.06836545,0.049720325,0,0.049720325,0.01864512,0.006215041,0.024860162,0.024860162,0.01864512,0.01864512,0.055935364,0.006215041,0.031075202,0.031075202,0.006215041,0.055935364,0.03729024,0.012430081,0.031075202,0.024860162,0.04350528,0.04350528,0.04350528,0.006215041,0.024860162,0.062150404,0.024860162,0.01864512,0.012430081,0.012430081,0.031075202,0.049720325,0.14916097,0.01864512,0,0.04350528,0,0.024860162,0,0.01864512,0.006215041,0.006215041,0.012430081,0.04350528,0.006215041,0.006215041,0.04350528,0.01864512,0.006215041,0.006215041,0.118085764,0.04350528,0.006215041,0.012430081,0.01864512,0.105655685,0.024860162,0.031075202,0,0.08079553,0.14916097,0.012430081,0.062150404,0.049720325,0.031075202,0.055935364,0.03729024,0.006215041,0.06836545,0.031075202,0.012430081,0.01864512,0,0.006215041,0.03729024,0.012430081,0.062150404,0.012430081,0.04350528,0.024860162,0.024860162,0,0.006215041,0.006215041,0.093225606,0.024860162,0.006215041,0.012430081,0.12430081,0.055935364,0.04350528,0,0.08701056,0.024860162,0.024860162,0.012430081,0.012430081,0,0.01864512,0,0.04350528,0,0.006215041,0.04350528,0,0,0,0.012430081,0.012430081,0.01864512,0.031075202,0.024860162,0,0.012430081,0,0.012430081,0,0,0.21752642,0.006215041,0.06836545,0,0.031075202,0.055935364,0.012430081,0.012430081,0.03729024,0.012430081,0.01864512,0.01864512,0.01864512,0.01864512,0,0,0.012430081,0.01864512,0.01864512,0.006215041,0.03729024,0.08701056,0.006215041,0.006215041,0
Black Book's Messenger,0.07912645,0,0.1582529,0,0.20572875,0.031650577,0.1582529,0.015825288,0.047475867,0,0,0.031650577,0.07912645,0.031650577,0,0,0,0.07912645,0,0.2532046,0.015825288,0.047475867,0.047475867,0,0.047475867,0,0.015825288,0.031650577,0.047475867,0.015825288,0.031650577,0.031650577,0,0.094951734,0.015825288,0.031650577,0.031650577,0.031650577,0.031650577,0.031650577,0.047475867,0.094951734,0,0,0,0.015825288,0,0.015825288,0.031650577,0,0.015825288,0.015825288,0.047475867,0.06330115,0.23737933,0.015825288,0.015825288,0,0.031650577,0,0.015825288,0.031650577,0,0.07912645,0.015825288,0.031650577,0.031650577,0.047475867,0.015825288,0,0.11077702,0.015825288,0.031650577,0.047475867,0.047475867,0.015825288,0.015825288,0.047475867,0.015825288,0,0.015825288,0,0.015825288,0.031650577,0.031650577,0.015825288,0.015825288,0.015825288,0.047475867,0.015825288,0,0.047475867,0,0.031650577,0.031650577,0.047475867,0.094951734,0,0.07912645,0,0.031650577,0.031650577,0.015825288,0,0.015825288,0.07912645,0,0.031650577,0.094951734,0.047475867,0.031650577,0,0.047475867,0.1266023,0,0.06330115,0.06330115,0.031650577,0.031650577,0.047475867,0,0,0,0.047475867,0.06330115,0.031650577,0.015825288,0,0,0,0.015825288,0,0.015825288,0,0.031650577,0.031650577,0.015825288,0.015825288,0.015825288,0.015825288,0.1424276,0,0.031650577,0.015825288,0.015825288,0.015825288,0,0,0.031650577,0.06330115,0.11077702,0.015825288,0.015825288,0,0,0.015825288,0.031650577,0,0.047475867,0,0.015825288,0.015825288,0,0.06330115,0.015825288,0.015825288,0.047475867,0.015825288,0,0.031650577,0.031650577,0.015825288,0,0.06330115,0,0.015825288,0,0.1266023,0,0.094951734,0.015825288,0,0.015825288,0.047475867,0,0.015825288,0.015825288,0,0,0.015825288,0.047475867,0.031650577,0.015825288,0,0.015825288,0.031650577,0.047475867,0.047475867,0,0.031650577,0,0.015825288,0.015825288,0,0,0.031650577,0,0,0.015825288,0,0.031650577,0.06330115,0,0.015825288,0,0,0.015825288,0,0,0.015825288,0.047475867,0,0,0.015825288,0.015825288,0.015825288,0,0,0.031650577
Christ's Tears,0,0.010011613,0.014016259,0.00800929,0.106123105,0.036041807,0.01601858,0.12013936,0.006006968,0.054062713,0,0.10011613,0.12414401,0.010011613,0.014016259,0.002002323,0.03003484,0.038044132,0.14616956,0.040046453,0.038044132,0.028032517,0.006006968,0.026030196,0.004004645,0.002002323,0.06607665,0.034039486,0.026030196,0.02202555,0.026030196,0.08609988,0.102118455,0.02202555,0.04605342,0,0.004004645,0.02202555,0.010011613,0.020023227,0.028032517,0.024027873,0.05206039,0.028032517,0.002002323,0.050058067,0.03003484,0.07008129,0.054062713,0.010011613,0.014016259,0.11813704,0.034039486,0.04605342,0.01601858,0.034039486,0.01601858,0.08409756,0.01601858,0.036041807,0.12013936,0.04204878,0.00800929,0.002002323,0.014016259,0.03003484,0.038044132,0.08009291,0.01601858,0.048055746,0.038044132,0.03203716,0.028032517,0.04204878,0.03203716,0.014016259,0.09010452,0.028032517,0.040046453,0.006006968,0.102118455,0.024027873,0.026030196,0.012013936,0.14817189,0.020023227,0.020023227,0.05206039,0.02202555,0.06607665,0.038044132,0.034039486,0.014016259,0.026030196,0.014016259,0.040046453,0.014016259,0.038044132,0.03203716,0.004004645,0.05206039,0.014016259,0.038044132,0.028032517,0.09010452,0.014016259,0.002002323,0.038044132,0.018020904,0.006006968,0.018020904,0.010011613,0.038044132,0.006006968,0.00800929,0.020023227,0.026030196,0.010011613,0.020023227,0.0440511,0.078090586,0.036041807,0.006006968,0.010011613,0.010011613,0.050058067,0,0.002002323,0.048055746,0.028032517,0.006006968,0,0.004004645,0.006006968,0.024027873,0.010011613,0.00800929,0.002002323,0.00800929,0.018020904,0.00800929,0.02202555,0.010011613,0.01601858,0.02202555,0.01601858,0.028032517,0.02202555,0.00800929,0.024027873,0.02202555,0.036041807,0.03203716,0.004004645,0.006006968,0.010011613,0.0440511,0.012013936,0.018020904,0.018020904,0.018020904,0.05206039,0.006006968,0.020023227,0.038044132,0.010011613,0.004004645,0.09210684,0.010011613,0.002002323,0.028032517,0.020023227,0.006006968,0.014016259,0.002002323,0.01601858,0.012013936,0.020023227,0.004004645,0,0.014016259,0.00800929,0,0.026030196,0.024027873,0.020023227,0.010011613,0.062072005,0.018020904,0.020023227,0.018020904,0.076088265,0.004004645,0.00800929,0.020023227,0.006006968,0.002002323,0.024027873,0.010011613,0.012013936,0.010011613,0.012013936,0.006006968,0,0.03003484,0.010011613,0.026030196,0.0440511,0.010011613,0.004004645,0.026030196,0.03003484,0.010011613,0.014016259,0.004004645,0.010011613,0.012013936,0.012013936,0.004004645,0.03003484,0.018020904,0.0440511,0.006006968,0.024027873,0.03003484,0.004004645,0.00800929,0.010011613,0.04204878
Ciceronis Amor,0.17470598,0.2173172,0.025566729,0.37923983,0.042611215,0.14487813,0.05539458,0.038350094,0.025566729,0.0596557,0.18322822,0.046872336,0.017044486,0.14913926,0.28975627,0.15340038,0.021305608,0.042611215,0.025566729,0,0.012783364,0.034088973,0.02982785,0.008522243,0.017044486,0.008522243,0.012783364,0.102266915,0,0.063916825,0,0.004261122,0.025566729,0.034088973,0.025566729,0.07243907,0.07243907,0.034088973,0.042611215,0.0596557,0.025566729,0.012783364,0.042611215,0.02982785,0.07243907,0.02982785,0.017044486,0.051133458,0,0.08096131,0.017044486,0.004261122,0.008522243,0.008522243,0,0.034088973,0.08948355,0.021305608,0.07670019,0.025566729,0,0.038350094,0.021305608,0.012783364,0.021305608,0.034088973,0.017044486,0,0.021305608,0.063916825,0.034088973,0.017044486,0.021305608,0.008522243,0.02982785,0.025566729,0.004261122,0.021305608,0.012783364,0.02982785,0.02982785,0,0.042611215,0.034088973,0.004261122,0.021305608,0.042611215,0.017044486,0.012783364,0.004261122,0.068177946,0.038350094,0.08522243,0.021305608,0.038350094,0.008522243,0.034088973,0.021305608,0.012783364,0.05539458,0.034088973,0.034088973,0.008522243,0.05539458,0.004261122,0.02982785,0.08948355,0.025566729,0.025566729,0.068177946,0.021305608,0.012783364,0.008522243,0.012783364,0.068177946,0.004261122,0.012783364,0.025566729,0.008522243,0.012783364,0.008522243,0.012783364,0.034088973,0.038350094,0.02982785,0.025566729,0.017044486,0.13209477,0,0.012783364,0.021305608,0,0.008522243,0.038350094,0.021305608,0.008522243,0.017044486,0.08096131,0.063916825,0.017044486,0.012783364,0.025566729,0.017044486,0.025566729,0.004261122,0.004261122,0.004261122,0.017044486,0.02982785,0.017044486,0.008522243,0.021305608,0.034088973,0.02982785,0.012783364,0.046872336,0.017044486,0.051133458,0,0.034088973,0.004261122,0.042611215,0.038350094,0.004261122,0.008522243,0.025566729,0.034088973,0.008522243,0.008522243,0.11078916,0.046872336,0.017044486,0.14913926,0.008522243,0.021305608,0.008522243,0.042611215,0,0.017044486,0.012783364,0,0.02982785,0.02982785,0.008522243,0.017044486,0,0.008522243,0.021305608,0.008522243,0.004261122,0.017044486,0,0,0.017044486,0,0.021305608,0.02982785,0.004261122,0.012783364,0.017044486,0.0596557,0.012783364,0.021305608,0,0.021305608,0.051133458,0.02982785,0.004261122,0.017044486,0.063916825,0,0.004261122,0.025566729,0.012783364,0.08096131,0.02982785,0.07243907,0.012783364,0.004261122,0.025566729,0.034088973,0.02982785,0.012783364,0.008522243,0.038350094,0.05539458,0.017044486,0,0.008522243
Disputation,0.14077897,0.058657907,0.21116847,0.035194743,0.052792117,0.087986864,0.21703425,0.005865791,0.08212107,0.035194743,0.005865791,0.011731582,0.058657907,0.0645237,0.052792117,0.017597372,0.046926327,0.041060533,0,0.093852654,0.023463164,0.052792117,0.041060533,0.011731582,0.17597373,0.052792117,0.029328953,0.029328953,0.023463164,0.023463164,0.029328953,0.058657907,0.011731582,0.052792117,0.035194743,0.0645237,0.117315814,0.017597372,0,0.07038949,0.0645237,0.035194743,0.0645237,0.017597372,0.035194743,0.017597372,0.029328953,0.011731582,0.005865791,0.058657907,0.023463164,0.005865791,0.08212107,0.052792117,0.123181604,0.023463164,0.041060533,0.005865791,0.017597372,0.052792117,0.029328953,0.105584234,0.029328953,0.07625528,0.0645237,0.07038949,0.058657907,0.011731582,0.046926327,0.017597372,0.023463164,0.011731582,0.005865791,0.017597372,0.023463164,0.035194743,0.035194743,0.017597372,0.011731582,0.011731582,0.011731582,0.005865791,0.029328953,0.041060533,0.058657907,0.035194743,0.035194743,0.052792117,0.041060533,0.005865791,0.017597372,0.041060533,0.017597372,0.0645237,0.099718444,0.011731582,0.029328953,0.023463164,0.052792117,0.052792117,0.005865791,0.017597372,0.023463164,0.029328953,0.011731582,0.029328953,0.023463164,0.035194743,0.041060533,0.035194743,0.011731582,0.029328953,0.041060533,0.099718444,0,0.052792117,0.011731582,0.035194743,0.017597372,0.011731582,0.011731582,0.029328953,0,0.046926327,0.0645237,0.017597372,0.035194743,0.011731582,0,0.029328953,0.099718444,0.005865791,0.011731582,0.029328953,0.005865791,0.017597372,0.023463164,0,0.011731582,0.005865791,0.035194743,0.005865791,0.041060533,0.023463164,0.046926327,0.023463164,0.017597372,0.011731582,0.011731582,0.017597372,0,0.011731582,0.029328953,0,0.023463164,0.017597372,0.017597372,0.041060533,0.023463164,0.035194743,0.029328953,0.011731582,0.005865791,0.011731582,0.023463164,0,0.029328953,0.046926327,0.017597372,0.011731582,0.023463164,0.035194743,0.041060533,0.005865791,0.005865791,0.041060533,0.023463164,0.046926327,0.023463164,0.011731582,0,0,0.023463164,0.023463164,0.017597372,0.035194743,0.011731582,0.029328953,0.029328953,0.011731582,0.046926327,0,0.011731582,0.005865791,0.005865791,0.035194743,0.011731582,0.035194743,0.041060533,0.052792117,0,0.035194743,0.0645237,0,0.005865791,0.029328953,0.005865791,0.035194743,0.005865791,0.011731582,0.011731582,0.058657907,0.017597372,0.011731582,0.029328953,0.005865791,0.005865791,0.029328953,0.023463164,0.005865791,0.011731582,0.017597372,0.058657907,0.023463164,0.005865791,0.011731582,0.005865791,0.07038949,0.005865791
Farewell to Folly,0.26931033,0.09367316,0.2107646,0.09757621,0.1131884,0.11709145,0.04293353,0.07025487,0.07025487,0.101479255,0.101479255,0.11709145,0.015612193,0.074157916,0.003903048,0.031224387,0.08977011,0.058545724,0.007806097,0.003903048,0.03903048,0.03903048,0.027321339,0.074157916,0.08977011,0.2107646,0.015612193,0.06635182,0.01951524,0.03903048,0.015612193,0.04683658,0.19515242,0.02341829,0.031224387,0.031224387,0.04293353,0.01951524,0.04683658,0.04683658,0.01951524,0.003903048,0.04683658,0.04683658,0.04683658,0.04293353,0.035127435,0.06635182,0.035127435,0.054642677,0.074157916,0.011709145,0.01951524,0.015612193,0.007806097,0.062448774,0.007806097,0.027321339,0.04683658,0.02341829,0,0.007806097,0.015612193,0.011709145,0.07025487,0.03903048,0.011709145,0.031224387,0.04683658,0.031224387,0.035127435,0.027321339,0.02341829,0.050739627,0.031224387,0.03903048,0.02341829,0.03903048,0.031224387,0.03903048,0.003903048,0.19124937,0.003903048,0.015612193,0.02341829,0.04683658,0.027321339,0.027321339,0.011709145,0,0.003903048,0.054642677,0.015612193,0.027321339,0.02341829,0.015612193,0.04293353,0.007806097,0.007806097,0.027321339,0.035127435,0.03903048,0.015612193,0.06635182,0.01951524,0.027321339,0.015612193,0.02341829,0.01951524,0.06635182,0.011709145,0.011709145,0.015612193,0.027321339,0.101479255,0.007806097,0.02341829,0.09367316,0.015612193,0.03903048,0.003903048,0.01951524,0.003903048,0.04683658,0.015612193,0.007806097,0.1053823,0.031224387,0.015612193,0.011709145,0.015612193,0.058545724,0.027321339,0.02341829,0.01951524,0.04293353,0.011709145,0.015612193,0.081964016,0.015612193,0.011709145,0.007806097,0.031224387,0.07025487,0.02341829,0.035127435,0.015612193,0.011709145,0.01951524,0.035127435,0.035127435,0.035127435,0.015612193,0.011709145,0.011709145,0.035127435,0.011709145,0.02341829,0.01951524,0.027321339,0.027321339,0.031224387,0.011709145,0.031224387,0.007806097,0.054642677,0.01951524,0.027321339,0.02341829,0.058545724,0.015612193,0.04293353,0.031224387,0.050739627,0.011709145,0.03903048,0.031224387,0,0.015612193,0.007806097,0.054642677,0.08586706,0.007806097,0,0.01951524,0.02341829,0.003903048,0.062448774,0.08977011,0.011709145,0.011709145,0,0.011709145,0.01951524,0.02341829,0.06635182,0.04683658,0.02341829,0.027321339,0.031224387,0.08977011,0,0.007806097,0,0.035127435,0,0.007806097,0.007806097,0.04293353,0.015612193,0.01951524,0.011709145,0.02341829,0.01951524,0.027321339,0.015612193,0.003903048,0.011709145,0.01951524,0.003903048,0.01951524,0.015612193,0.050739627,0.007806097,0.027321339,0.035127435,0.031224387,0.07806096,0
Have With You,0.016925793,0.004835941,0.014507822,0.004835941,0.038687527,0.021761734,0.038687527,0.016925793,0.06770317,0.031433616,0.00241797,0.024179704,0.058031287,0.016925793,0.007253911,0.007253911,0.041105498,0.024179704,0.041105498,0.038687527,0.033851586,0.019343764,0.024179704,0.004835941,0.007253911,0.007253911,0.06770317,0.007253911,0.14507823,0.009671882,0.08462896,0.031433616,0.009671882,0.024179704,0.07012114,0.009671882,0.014507822,0.038687527,0.00241797,0.009671882,0.050777376,0.038687527,0.004835941,0.019343764,0.00241797,0.029015644,0.033851586,0.007253911,0.053195346,0.014507822,0.012089852,0.038687527,0.031433616,0.04835941,0.021761734,0.031433616,0.014507822,0.009671882,0.009671882,0.012089852,0.031433616,0.024179704,0.029015644,0.031433616,0.026597673,0.016925793,0.026597673,0.026597673,0.041105498,0.019343764,0.021761734,0.029015644,0.050777376,0.026597673,0.009671882,0,0.024179704,0.055613317,0.050777376,0.058031287,0.012089852,0.004835941,0.021761734,0.026597673,0,0.009671882,0.016925793,0.019343764,0.041105498,0.033851586,0.026597673,0.016925793,0.019343764,0.016925793,0.012089852,0.026597673,0.016925793,0.04835941,0.038687527,0.016925793,0.019343764,0.00241797,0.036269557,0.009671882,0.021761734,0.012089852,0.004835941,0.031433616,0.016925793,0.009671882,0.024179704,0.012089852,0.012089852,0.014507822,0.004835941,0.031433616,0.043523468,0.004835941,0.012089852,0.04594144,0.009671882,0.021761734,0,0.014507822,0.014507822,0.04594144,0,0.004835941,0.026597673,0.019343764,0,0.007253911,0.014507822,0.019343764,0.016925793,0.004835941,0.014507822,0.031433616,0.004835941,0.026597673,0.024179704,0.026597673,0.009671882,0.004835941,0.0652852,0.021761734,0.014507822,0.038687527,0.007253911,0.004835941,0.021761734,0.009671882,0.021761734,0.016925793,0.00241797,0.016925793,0.043523468,0.026597673,0.038687527,0.019343764,0.041105498,0.007253911,0.00241797,0.029015644,0.026597673,0.016925793,0.012089852,0.004835941,0.033851586,0.014507822,0.004835941,0.021761734,0.004835941,0.053195346,0.00241797,0.029015644,0.019343764,0.036269557,0.00241797,0.012089852,0.014507822,0.019343764,0.009671882,0.024179704,0.029015644,0.019343764,0.019343764,0.007253911,0.007253911,0.014507822,0.026597673,0.029015644,0.055613317,0.04594144,0.04594144,0.00241797,0.00241797,0.026597673,0.007253911,0.019343764,0.012089852,0.019343764,0.014507822,0.18860169,0.004835941,0.026597673,0.009671882,0.031433616,0.00241797,0,0.038687527,0.019343764,0.012089852,0.050777376,0,0.012089852,0,0.024179704,0.041105498,0.007253911,0.016925793,0.007253911,0.014507822,0.041105498,0.004835941,0.009671882,0.016925793,0.00241797,0.024179704
Lenten Stuff,0.016311219,0.020389022,0.012233414,0,0.040778045,0.024466828,0.016311219,0.016311219,0.012233414,0.020389022,0,0.032622438,0.07747828,0.00815561,0,0.004077805,0.016311219,0.020389022,0.032622438,0.032622438,0.03670024,0.02854463,0.016311219,0.00815561,0.004077805,0.004077805,0.032622438,0.016311219,0.032622438,0.024466828,0.110100724,0.05301146,0,0.00815561,0.048933655,0.020389022,0,0.05301146,0.016311219,0.012233414,0.05708926,0.07340048,0.00815561,0.02854463,0,0.032622438,0.02854463,0.040778045,0.03670024,0.004077805,0.00815561,0.032622438,0.032622438,0.032622438,0.004077805,0.03670024,0.012233414,0,0.004077805,0.012233414,0.00815561,0.024466828,0.016311219,0.012233414,0.00815561,0.040778045,0.024466828,0.02854463,0.044855848,0.00815561,0.012233414,0.0856339,0.07340048,0.02854463,0.03670024,0.00815561,0.016311219,0.024466828,0.024466828,0.016311219,0.044855848,0.03670024,0.032622438,0.00815561,0,0.00815561,0.016311219,0.012233414,0.05301146,0.05301146,0.02854463,0.016311219,0.040778045,0.016311219,0.03670024,0.03670024,0.016311219,0.06116707,0.02854463,0.004077805,0.02854463,0,0.024466828,0.012233414,0.089711696,0.012233414,0.004077805,0.012233414,0.00815561,0.004077805,0.024466828,0.00815561,0.004077805,0.00815561,0.02854463,0.012233414,0.016311219,0.004077805,0.00815561,0.016311219,0.016311219,0.020389022,0,0.016311219,0.00815561,0.024466828,0,0.004077805,0.16311218,0.016311219,0,0.004077805,0,0.016311219,0.032622438,0.02854463,0.004077805,0.004077805,0.012233414,0.024466828,0.024466828,0.004077805,0.016311219,0.00815561,0.02854463,0.004077805,0.024466828,0.020389022,0.044855848,0.024466828,0.00815561,0.012233414,0.020389022,0.29360193,0.00815561,0.012233414,0.040778045,0.00815561,0.065244876,0.00815561,0,0.012233414,0,0.00815561,0.016311219,0.016311219,0.040778045,0.024466828,0.020389022,0.004077805,0.016311219,0.00815561,0.00815561,0.02854463,0,0.024466828,0.02854463,0.040778045,0.004077805,0,0.020389022,0.012233414,0.00815561,0.016311219,0.05301146,0.032622438,0.00815561,0.00815561,0.004077805,0.05301146,0.012233414,0.07340048,0.016311219,0.016311219,0.012233414,0.004077805,0,0.016311219,0.012233414,0.012233414,0.004077805,0.012233414,0.016311219,0.004077805,0,0.004077805,0.004077805,0.040778045,0.00815561,0,0.040778045,0.004077805,0.004077805,0.00815561,0,0.004077805,0,0.016311219,0.044855848,0.020389022,0.016311219,0.02854463,0.012233414,0.012233414,0.004077805,0.012233414,0.020389022,0,0.02854463
Menaphon,0.284823,0.212487,0.027126001,0.16727701,0.054252002,0.067815,0.031647,0.063294,0.04521,0.067815,0.063294,0.049731,0.022605,0.036168,0.131109,0.09042,0.036168,0.04521,0.054252002,0.004521,0.04521,0.031647,0.058773,0.013563001,0.027126001,0.009042,0.027126001,0.040689,0,0.036168,0,0.009042,0.013563001,0.063294,0.036168,0.162756,0.040689,0.076857,0.067815,0.09042,0.036168,0.018084,0.09042,0.049731,0.058773,0.081378,0.027126001,0,0.09042,0.076857,0.036168,0.027126001,0.031647,0.022605,0.009042,0.040689,0.099462,0.027126001,0.063294,0.027126001,0,0.027126001,0.036168,0.031647,0.027126001,0.022605,0.036168,0,0.009042,0.04521,0.027126001,0.022605,0.004521,0.013563001,0.031647,0.076857,0.018084,0.027126001,0.031647,0.018084,0.027126001,0.040689,0.040689,0.031647,0,0.031647,0.018084,0.009042,0.013563001,0.040689,0.027126001,0.027126001,0.072336,0.027126001,0.022605,0.009042,0.031647,0.018084,0.009042,0.036168,0.009042,0.054252002,0.022605,0.027126001,0.013563001,0.022605,0.004521,0.013563001,0.009042,0.027126001,0.031647,0.040689,0,0.018084,0.013563001,0.004521,0.018084,0.018084,0,0.027126001,0.009042,0.004521,0.230571,0.027126001,0.027126001,0.009042,0.018084,0.113025,0.049731,0.009042,0.067815,0.004521,0.040689,0.04521,0.018084,0.004521,0.022605,0.004521,0.031647,0.022605,0.009042,0.018084,0.013563001,0.040689,0.036168,0.009042,0.009042,0.040689,0.009042,0.018084,0.018084,0.022605,0.018084,0.013563001,0.013563001,0.018084,0.018084,0.018084,0.004521,0.081378,0.018084,0.009042,0.036168,0.009042,0.022605,0.054252002,0.049731,0.027126001,0.031647,0.009042,0.022605,0,0.04521,0.013563001,0.027126001,0.013563001,0.022605,0,0.067815,0.036168,0.009042,0.022605,0.022605,0.013563001,0.018084,0.009042,0.004521,0.018084,0.036168,0.018084,0.013563001,0.009042,0.018084,0.018084,0.018084,0.022605,0.009042,0.027126001,0.009042,0.018084,0.04521,0,0.022605,0,0.031647,0.022605,0.027126001,0.009042,0.031647,0.054252002,0.022605,0.009042,0.004521,0.031647,0.049731,0.027126001,0.049731,0.018084,0,0.072336,0.027126001,0.018084,0.022605,0,0.022605,0.027126001,0.018084,0.013563001,0.004521
Mourning Garment,0.27319294,0.21627775,0.07398976,0.10244735,0.056915198,0.034149118,0.062606715,0.14797951,0.18212862,0.03984064,0.062606715,0,0.017074559,0.10244735,0.0853728,0.051223677,0.056915198,0.03984064,0.011383039,0.022766078,0.034149118,0.017074559,0.07398976,0.03984064,0.028457599,0.051223677,0.07968128,0.07398976,0.011383039,0.034149118,0.017074559,0.034149118,0.028457599,0.028457599,0.011383039,0.051223677,0.017074559,0.045532156,0.03984064,0.09675583,0.03984064,0.045532156,0.09675583,0.068298236,0.03984064,0.056915198,0.051223677,0.034149118,0.017074559,0.028457599,0.028457599,0.022766078,0.034149118,0.017074559,0.045532156,0.045532156,0.09106431,0.051223677,0.051223677,0.011383039,0,0.022766078,0.022766078,0.022766078,0.034149118,0.03984064,0.028457599,0.00569152,0.022766078,0.056915198,0.011383039,0.011383039,0.011383039,0.03984064,0.068298236,0.028457599,0.00569152,0.022766078,0.034149118,0.011383039,0.017074559,0.03984064,0.03984064,0.028457599,0.017074559,0.051223677,0.051223677,0.028457599,0.017074559,0.051223677,0.051223677,0.017074559,0.045532156,0.028457599,0.034149118,0.017074559,0.017074559,0.034149118,0.017074559,0.062606715,0.017074559,0.034149118,0.011383039,0.062606715,0.00569152,0.00569152,0.028457599,0.034149118,0.011383039,0.011383039,0.011383039,0.034149118,0.00569152,0.034149118,0.03984064,0.011383039,0.00569152,0.034149118,0.00569152,0.017074559,0.00569152,0.011383039,0.19351166,0.017074559,0.017074559,0.017074559,0.09106431,0.119521916,0,0.017074559,0.056915198,0,0.022766078,0.011383039,0.034149118,0.011383039,0.034149118,0,0.011383039,0.017074559,0.011383039,0.017074559,0.07968128,0.062606715,0.028457599,0.022766078,0.017074559,0.011383039,0.022766078,0.022766078,0.017074559,0.017074559,0.045532156,0.017074559,0.017074559,0.022766078,0,0.03984064,0.00569152,0.028457599,0.022766078,0.022766078,0.2048947,0.017074559,0.017074559,0.028457599,0.051223677,0,0.028457599,0,0.028457599,0.00569152,0.056915198,0,0.028457599,0.022766078,0.056915198,0.00569152,0.062606715,0.03984064,0,0.028457599,0.034149118,0.03984064,0.017074559,0.011383039,0.017074559,0.00569152,0.011383039,0.017074559,0.017074559,0,0.00569152,0.017074559,0.028457599,0.022766078,0.028457599,0.034149118,0.017074559,0.00569152,0.011383039,0.00569152,0.022766078,0,0.00569152,0.022766078,0.011383039,0.022766078,0.0853728,0.056915198,0.028457599,0.017074559,0.051223677,0.011383039,0.10244735,0.011383039,0.03984064,0.022766078,0,0.056915198,0.011383039,0.00569152,0,0.017074559,0.00569152,0.011383039,0.00569152,0.011383039,0.00569152
Never Too Late,0.12443496,0.1599878,0.0939611,0.119355984,0.035552848,0.045710802,0.0685662,0.06094774,0.040631823,0.06094774,0.14729036,0.012697445,0.022855401,0.07364518,0.091421604,0.07872416,0.06602672,0.022855401,0.02539489,0.012697445,0.03047387,0.043171313,0.07364518,0.06602672,0.03301336,0.05332927,0.017776424,0.07364518,0.012697445,0.020315912,0.007618467,0.02793438,0.045710802,0.07872416,0.020315912,0.08888212,0.063487224,0.038092338,0.03301336,0.035552848,0.03301336,0.015236935,0.06094774,0.05586876,0.07872416,0.08380314,0.05078978,0.040631823,0.015236935,0.038092338,0.007618467,0.02793438,0.022855401,0.015236935,0.022855401,0.045710802,0.06094774,0.03047387,0.02539489,0.02539489,0.010157956,0.02793438,0.05078978,0.05586876,0.020315912,0.017776424,0.04825029,0,0.012697445,0.02539489,0.02539489,0.022855401,0.02539489,0.035552848,0.02793438,0.07364518,0.03301336,0.03047387,0.035552848,0.040631823,0.007618467,0.005078978,0.043171313,0.06094774,0.0685662,0.035552848,0.040631823,0.012697445,0.02793438,0.02539489,0.035552848,0.02793438,0.02793438,0.03047387,0.022855401,0.022855401,0.015236935,0.020315912,0.015236935,0.05332927,0.02539489,0.035552848,0.005078978,0.05078978,0.010157956,0.020315912,0.04825029,0.015236935,0.022855401,0.03047387,0.007618467,0.02793438,0.022855401,0.007618467,0.007618467,0.015236935,0.010157956,0.03047387,0.005078978,0.03047387,0.022855401,0.015236935,0.012697445,0.035552848,0.012697445,0.020315912,0.1168165,0.086342625,0.007618467,0.02539489,0.040631823,0,0.038092338,0.02793438,0.022855401,0.012697445,0.038092338,0.05840825,0.03047387,0.017776424,0.02793438,0.05078978,0.017776424,0.035552848,0.012697445,0.020315912,0.035552848,0.007618467,0.012697445,0.020315912,0.05332927,0.005078978,0.020315912,0.015236935,0.03301336,0.022855401,0.012697445,0.02539489,0.002539489,0.05078978,0.022855401,0.017776424,0.038092338,0.02539489,0.017776424,0.007618467,0.020315912,0.005078978,0.02793438,0.002539489,0.015236935,0.010157956,0.045710802,0.017776424,0.040631823,0.022855401,0.020315912,0.012697445,0.043171313,0.03301336,0.002539489,0.010157956,0.038092338,0.010157956,0.012697445,0.010157956,0.02539489,0.015236935,0.038092338,0.02539489,0.022855401,0.005078978,0.005078978,0.02539489,0.010157956,0.017776424,0.02793438,0.02793438,0.035552848,0.022855401,0.03047387,0.007618467,0.02793438,0,0.012697445,0.02793438,0.020315912,0.002539489,0.03047387,0.05586876,0.005078978,0.022855401,0.020315912,0.015236935,0.03047387,0.02539489,0.040631823,0.020315912,0.002539489,0.035552848,0.012697445,0.03047387,0.012697445,0.007618467,0.035552848,0.017776424,0.007618467,0.03301336,0.002539489
Orpharion,0.22083806,0.27180067,0.06795017,0.10758777,0.101925254,0.0792752,0.011325029,0.045300115,0.022650057,0.0792752,0.13023783,0.14156285,0.016987542,0.084937714,0.06795017,0.09626274,0.0396376,0.045300115,0.011325029,0.005662514,0.06795017,0.045300115,0.056625143,0.07361268,0.022650057,0.045300115,0.028312571,0.028312571,0.005662514,0.06795017,0,0.028312571,0.028312571,0.050962627,0.033975083,0.016987542,0.033975083,0.028312571,0.13590033,0.028312571,0.033975083,0.011325029,0.09626274,0.07361268,0.028312571,0.022650057,0.016987542,0.011325029,0.016987542,0.13590033,0.06795017,0.011325029,0.022650057,0.022650057,0.005662514,0.0396376,0.084937714,0.07361268,0.084937714,0.050962627,0.005662514,0.033975083,0.033975083,0.0396376,0.062287655,0.016987542,0.011325029,0.005662514,0.005662514,0.045300115,0.033975083,0.033975083,0.07361268,0,0.016987542,0.028312571,0.016987542,0.011325029,0.056625143,0.022650057,0.050962627,0.0792752,0.045300115,0.056625143,0,0,0.016987542,0.016987542,0.022650057,0.022650057,0.033975083,0.022650057,0.056625143,0.050962627,0,0.011325029,0.0396376,0.050962627,0.028312571,0.050962627,0.033975083,0.022650057,0.011325029,0.016987542,0.028312571,0.022650057,0.062287655,0.016987542,0.045300115,0.056625143,0.005662514,0.016987542,0,0.050962627,0.0792752,0.028312571,0,0.045300115,0.050962627,0.011325029,0.056625143,0.016987542,0.056625143,0.045300115,0.028312571,0.016987542,0.005662514,0.056625143,0.016987542,0.011325029,0.005662514,0.0396376,0.056625143,0.06795017,0.016987542,0,0.016987542,0.033975083,0.050962627,0.005662514,0.016987542,0.028312571,0.005662514,0.028312571,0.005662514,0.016987542,0.033975083,0.005662514,0.028312571,0.0396376,0.011325029,0.050962627,0,0.011325029,0.050962627,0.011325029,0.005662514,0.0396376,0.011325029,0.033975083,0.022650057,0.09626274,0.056625143,0,0.050962627,0.033975083,0.028312571,0.011325029,0.022650057,0.0396376,0.022650057,0.0396376,0.016987542,0.016987542,0.06795017,0.028312571,0.056625143,0,0.033975083,0.005662514,0.09626274,0.016987542,0.06795017,0.016987542,0.011325029,0.011325029,0.028312571,0.011325029,0.022650057,0.011325029,0.011325029,0.005662514,0.005662514,0.022650057,0.005662514,0.022650057,0.022650057,0.005662514,0.016987542,0.016987542,0.011325029,0.005662514,0.033975083,0,0.016987542,0.033975083,0.056625143,0.07361268,0.045300115,0.011325029,0.022650057,0.022650057,0.045300115,0.022650057,0.045300115,0.033975083,0.011325029,0.016987542,0,0,0.011325029,0.016987542,0.005662514,0.011325029,0.0792752,0.022650057,0.011325029,0.028312571,0.022650057
Pandosto,0.09807768,0.2223094,0.24192494,0.14384726,0.13730875,0.13730875,0.006538512,0.18961684,0.058846608,0.1111547,0.058846608,0.1111547,0.03269256,0.045769583,0.006538512,0.06538512,0.08500066,0.07846214,0,0.026154047,0.006538512,0.052308094,0.07192363,0.03269256,0.07192363,0.117693216,0.019615535,0.03923107,0,0.052308094,0.019615535,0.019615535,0.019615535,0.052308094,0.013077023,0.019615535,0.03923107,0.052308094,0.07192363,0.03923107,0.006538512,0.026154047,0.026154047,0.03923107,0.058846608,0.052308094,0.052308094,0.03269256,0.06538512,0.15038577,0.03923107,0,0,0.045769583,0.019615535,0.026154047,0.03269256,0.019615535,0.09807768,0.013077023,0,0,0.06538512,0.03923107,0.10461619,0.03923107,0.03923107,0,0,0.03923107,0,0.006538512,0.013077023,0.07846214,0.058846608,0.058846608,0.013077023,0.019615535,0.013077023,0.026154047,0.006538512,0.13730875,0.07846214,0.045769583,0,0.03923107,0.07846214,0.013077023,0.019615535,0.03269256,0.019615535,0.026154047,0.03269256,0.019615535,0.019615535,0.026154047,0.03923107,0.045769583,0.045769583,0.006538512,0.1111547,0.08500066,0.019615535,0.013077023,0.026154047,0.058846608,0.019615535,0.013077023,0.052308094,0.019615535,0.013077023,0.03269256,0.058846608,0.019615535,0.026154047,0.006538512,0.013077023,0.03269256,0.08500066,0.019615535,0,0.013077023,0.24192494,0.058846608,0.045769583,0.026154047,0,0.013077023,0.08500066,0.013077023,0.019615535,0,0.06538512,0,0.03923107,0,0.09153917,0,0.013077023,0.03269256,0.013077023,0.03923107,0.052308094,0.006538512,0.019615535,0.019615535,0.045769583,0.058846608,0.045769583,0.013077023,0.006538512,0.013077023,0.026154047,0.006538512,0.07192363,0.019615535,0,0.052308094,0,0.006538512,0.045769583,0,0.08500066,0.026154047,0.006538512,0.026154047,0.03269256,0.013077023,0.052308094,0.013077023,0.03923107,0.006538512,0.006538512,0,0.058846608,0.006538512,0.026154047,0,0.03269256,0.019615535,0.15692428,0.03269256,0.026154047,0.006538512,0.013077023,0,0.045769583,0.006538512,0.03269256,0.10461619,0,0,0.006538512,0.019615535,0.019615535,0.019615535,0.03923107,0,0.006538512,0.026154047,0,0.026154047,0.045769583,0,0.03923107,0.03269256,0.019615535,0,0.03923107,0.058846608,0.026154047,0.013077023,0.07846214,0,0.03269256,0.019615535,0.052308094,0.03269256,0,0.006538512,0.019615535,0.006538512,0.026154047,0.006538512,0.03923107,0.03923107,0.019615535,0.026154047,0
Penelope's Web,0.24178383,0.07163965,0.25073877,0.1432793,0.05372974,0.09850452,0,0.17014417,0,0.02686487,0.035819825,0.10745948,0,0.035819825,0.008954956,0.05372974,0.06268469,0.05372974,0,0.008954956,0.017909912,0.008954956,0.008954956,0.12536938,0.19700904,0.035819825,0.008954956,0.008954956,0.008954956,0.044774782,0,0.02686487,0.008954956,0.08059461,0.02686487,0.035819825,0.09850452,0,0.044774782,0.05372974,0.044774782,0.017909912,0.017909912,0.044774782,0.09850452,0.017909912,0.05372974,0.044774782,0,0.02686487,0.10745948,0.008954956,0,0.035819825,0,0.05372974,0.017909912,0.02686487,0.06268469,0.044774782,0,0.017909912,0.017909912,0,0.089549564,0.044774782,0.017909912,0.02686487,0.02686487,0.035819825,0.08059461,0.02686487,0.035819825,0.05372974,0.008954956,0.02686487,0.008954956,0.035819825,0.017909912,0.017909912,0.008954956,0.044774782,0,0.017909912,0.008954956,0.12536938,0.044774782,0.05372974,0.02686487,0.008954956,0.017909912,0.02686487,0.017909912,0.008954956,0.017909912,0.02686487,0.044774782,0.035819825,0.02686487,0.044774782,0.035819825,0.05372974,0,0.035819825,0,0.05372974,0.116414435,0,0.02686487,0.08059461,0,0.017909912,0.044774782,0.08059461,0.06268469,0,0.008954956,0.044774782,0,0.02686487,0,0.116414435,0,0.035819825,0.008954956,0.008954956,0.035819825,0.008954956,0.008954956,0.008954956,0.017909912,0,0.02686487,0.008954956,0.008954956,0.008954956,0.017909912,0.008954956,0.07163965,0.08059461,0.035819825,0,0,0.017909912,0.008954956,0.044774782,0.017909912,0.008954956,0.08059461,0.017909912,0.05372974,0.035819825,0.017909912,0,0.02686487,0.008954956,0.008954956,0.02686487,0.008954956,0.008954956,0.017909912,0.02686487,0,0.008954956,0,0.017909912,0,0.044774782,0.035819825,0.10745948,0.017909912,0.05372974,0.02686487,0.035819825,0.035819825,0.02686487,0.02686487,0,0.035819825,0.017909912,0.08059461,0.06268469,0,0.017909912,0.008954956,0.008954956,0,0.02686487,0.008954956,0.008954956,0.008954956,0,0,0.035819825,0,0.044774782,0.12536938,0.008954956,0.035819825,0.02686487,0.044774782,0.044774782,0,0,0.035819825,0.02686487,0.044774782,0,0.08059461,0.05372974,0,0.02686487,0,0.044774782,0.035819825,0.017909912,0.017909912,0,0,0.017909912,0.035819825,0.008954956,0.044774782,0.035819825,0,0.017909912,0.017909912,0.035819825,0.017909912
Perimedes,0.098983765,0.046192426,0.23756105,0.17157187,0.05939026,0.09238485,0.052791342,0.105582684,0,0.07258809,0.112181604,0.046192426,0.006598918,0.046192426,0.039593507,0.08578593,0.019796753,0.046192426,0.006598918,0.006598918,0.046192426,0.039593507,0,0.07258809,0.112181604,0.013197836,0.013197836,0.03299459,0.013197836,0.05939026,0.013197836,0.03299459,0,0.026395671,0.019796753,0.026395671,0.06598918,0.026395671,0.11878052,0.039593507,0.03299459,0.006598918,0.03299459,0.06598918,0.046192426,0.019796753,0.07258809,0.03299459,0.026395671,0.112181604,0.026395671,0.03299459,0.019796753,0.013197836,0.006598918,0.06598918,0.013197836,0.046192426,0.06598918,0.039593507,0,0.006598918,0.06598918,0.019796753,0.105582684,0.013197836,0.026395671,0.013197836,0.013197836,0.07918701,0.026395671,0.013197836,0.03299459,0,0.039593507,0.05939026,0.006598918,0.046192426,0.03299459,0,0,0.03299459,0.026395671,0.039593507,0,0.019796753,0.026395671,0.046192426,0.026395671,0.006598918,0.026395671,0.019796753,0.019796753,0.013197836,0.026395671,0.019796753,0.006598918,0.019796753,0.019796753,0.052791342,0.105582684,0.03299459,0.019796753,0.06598918,0,0.039593507,0.06598918,0.013197836,0.026395671,0.06598918,0.039593507,0.03299459,0.026395671,0.013197836,0.07258809,0.013197836,0.006598918,0.05939026,0.06598918,0.006598918,0.006598918,0.039593507,0,0.07258809,0.026395671,0.013197836,0.026395671,0.026395671,0.06598918,0.013197836,0.019796753,0.09238485,0.013197836,0.006598918,0.026395671,0.013197836,0.05939026,0,0.098983765,0.05939026,0.026395671,0.03299459,0,0.046192426,0,0.026395671,0.019796753,0.026395671,0.03299459,0.046192426,0.039593507,0.07258809,0.006598918,0,0.06598918,0.03299459,0.03299459,0.039593507,0,0.019796753,0.013197836,0.019796753,0.019796753,0.026395671,0.006598918,0.098983765,0.039593507,0.03299459,0.019796753,0.03299459,0.07258809,0.026395671,0.07258809,0.03299459,0.052791342,0,0.03299459,0.006598918,0.046192426,0.03299459,0.013197836,0.046192426,0.06598918,0.026395671,0.006598918,0,0,0.026395671,0.026395671,0.03299459,0.006598918,0,0,0.013197836,0.006598918,0.08578593,0.07258809,0.013197836,0.013197836,0.013197836,0.019796753,0.013197836,0.006598918,0,0.006598918,0.03299459,0.052791342,0.006598918,0.052791342,0.019796753,0,0.03299459,0.052791342,0.013197836,0.039593507,0.046192426,0.019796753,0,0.006598918,0.006598918,0.039593507,0.006598918,0.019796753,0.006598918,0.019796753,0.013197836,0.013197836,0,0
Philomela,0.042019013,0.09454278,0.28362834,0.12080467,0.08403803,0.27837595,0.07878565,0.073533274,0.01575713,0.0892904,0.0682809,0.01575713,0.07878565,0.07878565,0.06302852,0.03151426,0.01575713,0.036766637,0.021009507,0,0.052523766,0.036766637,0.042019013,0.073533274,0.18908556,0.052523766,0.03151426,0.03151426,0.021009507,0.04727139,0.005252377,0.036766637,0,0.06302852,0.026261883,0.026261883,0.04727139,0.06302852,0.036766637,0.052523766,0.04727139,0.021009507,0.04727139,0.03151426,0.057776142,0.026261883,0.01575713,0.036766637,0.01575713,0.073533274,0.1575713,0.005252377,0.052523766,0.005252377,0.005252377,0.03151426,0.04727139,0.073533274,0.06302852,0.03151426,0,0.052523766,0.01575713,0.052523766,0.036766637,0.042019013,0.036766637,0.005252377,0.036766637,0.01575713,0.01575713,0.021009507,0.021009507,0.005252377,0.026261883,0.04727139,0.036766637,0.010504753,0.005252377,0.01575713,0.042019013,0.01575713,0.052523766,0.042019013,0.04727139,0.021009507,0.036766637,0.010504753,0.052523766,0.021009507,0.01575713,0.04727139,0.01575713,0.005252377,0.026261883,0.005252377,0.005252377,0.005252377,0.01575713,0.03151426,0.005252377,0.026261883,0.021009507,0.021009507,0.021009507,0.021009507,0.115552284,0.010504753,0.052523766,0.036766637,0.01575713,0.01575713,0.11029991,0.052523766,0.12605704,0.005252377,0.005252377,0.021009507,0,0.021009507,0.036766637,0.01575713,0.005252377,0.03151426,0.052523766,0.005252377,0.021009507,0.021009507,0.005252377,0.0682809,0.099795155,0.3571616,0.042019013,0.0682809,0.021009507,0.005252377,0.026261883,0.073533274,0.06302852,0.01575713,0.005252377,0.036766637,0.01575713,0.026261883,0.021009507,0.07878565,0.010504753,0.026261883,0.03151426,0.026261883,0.010504753,0.036766637,0.026261883,0.021009507,0.026261883,0.0682809,0.01575713,0.06302852,0.010504753,0.01575713,0.010504753,0.021009507,0.021009507,0.01575713,0.01575713,0.005252377,0.03151426,0,0.03151426,0.0682809,0.03151426,0.03151426,0.052523766,0.01575713,0.010504753,0.01575713,0.036766637,0,0.021009507,0.036766637,0.005252377,0.04727139,0.026261883,0.005252377,0.010504753,0.01575713,0.0682809,0.026261883,0,0.010504753,0.026261883,0,0.01575713,0.01575713,0.01575713,0.021009507,0.042019013,0.010504753,0.07878565,0.042019013,0.03151426,0.010504753,0.052523766,0,0.010504753,0.04727139,0.042019013,0,0.021009507,0.005252377,0.005252377,0.01575713,0.01575713,0,0.01575713,0.026261883,0.07878565,0.01575713,0,0.021009507,0.010504753,0.021009507,0.021009507,0.010504753,0.01575713,0.026261883,0.010504753,0.0682809,0.005252377
Pierce Penniless,0.072777554,0.014555511,0.021833267,0.014555511,0.047305413,0.047305413,0.050944287,0.0327499,0.058222044,0.0327499,0,0.029111022,0.036388777,0.021833267,0.010916634,0,0.036388777,0.029111022,0.072777554,0.029111022,0.047305413,0.036388777,0.025472144,0.029111022,0.007277756,0.021833267,0.010916634,0.010916634,0.0654998,0.0327499,0.0654998,0.0327499,0.0654998,0.014555511,0.040027656,0.014555511,0.029111022,0.047305413,0.018194389,0.018194389,0.036388777,0.014555511,0.007277756,0.003638878,0,0.014555511,0.025472144,0.021833267,0.054583166,0.003638878,0.014555511,0.0654998,0.0327499,0.07641643,0.018194389,0.010916634,0.021833267,0.007277756,0.003638878,0.054583166,0.11280521,0.0327499,0.040027656,0.014555511,0,0.050944287,0.029111022,0.054583166,0.054583166,0.014555511,0.0327499,0.043666534,0.0327499,0.047305413,0.040027656,0.003638878,0.047305413,0.029111022,0.036388777,0.0327499,0.025472144,0.014555511,0.018194389,0.0327499,0.0327499,0.036388777,0.021833267,0.029111022,0.025472144,0.0327499,0.036388777,0.043666534,0.0327499,0.036388777,0.014555511,0.058222044,0.069138676,0.043666534,0.0654998,0.010916634,0.007277756,0.010916634,0.061860923,0.025472144,0.050944287,0.025472144,0.014555511,0.043666534,0.014555511,0.021833267,0.043666534,0.025472144,0.007277756,0.018194389,0.010916634,0.036388777,0.014555511,0.0327499,0.014555511,0.040027656,0.0654998,0.043666534,0,0.018194389,0.021833267,0.029111022,0,0,0.014555511,0.036388777,0.003638878,0.007277756,0.014555511,0.0327499,0.040027656,0.021833267,0.010916634,0,0.010916634,0.047305413,0.018194389,0.010916634,0.025472144,0.025472144,0.0327499,0.010916634,0.014555511,0.014555511,0.018194389,0.007277756,0.036388777,0.025472144,0.025472144,0.018194389,0.010916634,0.018194389,0.029111022,0.010916634,0.018194389,0.014555511,0.021833267,0.014555511,0.007277756,0.014555511,0.025472144,0.040027656,0,0.018194389,0.010916634,0.025472144,0.007277756,0.036388777,0.003638878,0.003638878,0.003638878,0.025472144,0.014555511,0.040027656,0.010916634,0.025472144,0.029111022,0.029111022,0.018194389,0.014555511,0.036388777,0.047305413,0.036388777,0.0327499,0.021833267,0.007277756,0.029111022,0.036388777,0.043666534,0.014555511,0.036388777,0.010916634,0.010916634,0.021833267,0.025472144,0.036388777,0.007277756,0.010916634,0.036388777,0.025472144,0.014555511,0.018194389,0.007277756,0.021833267,0,0.007277756,0.010916634,0.003638878,0.010916634,0.010916634,0.003638878,0.018194389,0.010916634,0.018194389,0.043666534,0.018194389,0.018194389,0.029111022,0.021833267,0.043666534,0,0.007277756,0.021833267,0.025472144,0.061860923
Planetomachia,0.009698381,0.12607895,0.022629553,0.09375101,0.13254453,0.10991498,0.025862347,0.11314777,0.019396761,0.051724695,0.1002166,0.14224291,0.022629553,0.032327935,0.032327935,0.10344939,0.06788866,0.025862347,0.016163968,0,0.035560727,0.10344939,0.019396761,0.061423074,0.003232793,0.045259107,0.019396761,0.06465587,0.006465587,0.06465587,0.009698381,0.025862347,0.003232793,0.061423074,0.022629553,0.006465587,0.061423074,0.003232793,0.071121454,0.032327935,0.009698381,0.006465587,0.035560727,0.051724695,0.10991498,0.012931174,0.022629553,0.051724695,0.042026315,0.042026315,0.096983805,0.022629553,0.009698381,0.009698381,0.003232793,0.045259107,0.003232793,0.045259107,0.058190282,0.048491903,0.006465587,0.022629553,0.051724695,0.061423074,0.032327935,0.019396761,0.019396761,0.012931174,0.025862347,0.05495749,0.006465587,0.006465587,0.06465587,0.042026315,0.025862347,0.090518214,0.003232793,0.038793523,0.016163968,0.019396761,0.032327935,0.025862347,0.032327935,0.022629553,0.003232793,0.042026315,0.022629553,0.025862347,0.029095141,0.025862347,0.016163968,0.012931174,0.029095141,0.025862347,0.045259107,0.038793523,0.025862347,0.006465587,0.012931174,0.038793523,0.022629553,0.08405263,0.019396761,0.009698381,0.016163968,0.038793523,0.035560727,0.019396761,0.019396761,0.019396761,0.019396761,0.08728542,0.025862347,0.003232793,0.048491903,0.006465587,0.029095141,0.042026315,0.06465587,0.022629553,0.019396761,0.009698381,0,0.051724695,0.012931174,0.009698381,0.006465587,0.006465587,0.016163968,0.019396761,0.022629553,0.061423074,0.042026315,0.016163968,0.009698381,0.012931174,0.074354246,0.08081984,0.016163968,0.032327935,0.035560727,0.032327935,0.06788866,0.025862347,0.012931174,0.029095141,0.048491903,0.029095141,0.042026315,0.051724695,0.029095141,0.045259107,0.006465587,0,0.08728542,0.035560727,0.019396761,0.019396761,0.025862347,0.012931174,0.042026315,0.042026315,0.029095141,0.012931174,0.051724695,0.019396761,0.035560727,0.025862347,0.038793523,0.016163968,0.038793523,0.029095141,0.019396761,0.029095141,0.06465587,0.025862347,0.012931174,0,0.042026315,0.032327935,0.022629553,0.016163968,0.038793523,0.012931174,0.019396761,0.003232793,0.012931174,0.032327935,0.003232793,0.019396761,0.009698381,0,0,0.012931174,0.025862347,0.012931174,0.032327935,0.012931174,0.025862347,0.016163968,0.006465587,0.045259107,0.012931174,0,0.071121454,0.019396761,0.022629553,0,0.006465587,0.045259107,0.009698381,0.035560727,0.029095141,0.016163968,0.022629553,0.06465587,0.022629553,0.029095141,0,0.016163968,0.006465587,0.003232793,0.042026315,0.016163968,0.051724695,0.058190282,0.022629553,0.016163968,0.006465587
Preface to Menaphon,0,0.024975024,0,0.04995005,0,0.04995005,0,0.024975024,0.0999001,0,0,0,0.04995005,0,0,0,0.0999001,0,0,0,0,0.024975024,0,0,0,0.14985014,0.024975024,0,0,0,0.04995005,0,0.024975024,0.024975024,0,0.024975024,0.14985014,0.024975024,0.04995005,0.024975024,0,0.024975024,0,0.024975024,0,0,0.024975024,0.024975024,0.024975024,0,0,0,0.07492507,0,0,0.024975024,0,0,0.024975024,0.04995005,0,0.04995005,0.04995005,0,0,0.07492507,0,0,0.14985014,0,0.12487513,0,0,0,0.024975024,0,0,0.0999001,0.024975024,0.07492507,0.04995005,0,0.024975024,0.024975024,0,0.024975024,0,0.024975024,0,0,0.07492507,0.0999001,0.07492507,0,0,0,0.04995005,0.04995005,0.024975024,0,0,0.04995005,0.04995005,0.04995005,0.024975024,0.024975024,0,0,0,0,0,0.024975024,0,0,0,0.024975024,0,0,0,0,0.024975024,0,0.024975024,0,0.024975024,0.04995005,0,0,0.024975024,0,0,0.024975024,0,0,0,0.024975024,0.024975024,0,0,0.024975024,0,0,0.024975024,0.04995005,0,0.04995005,0.024975024,0.04995005,0.024975024,0,0,0,0.024975024,0.024975024,0,0.024975024,0.04995005,0,0.04995005,0.04995005,0,0,0,0.0999001,0.024975024,0,0.024975024,0,0,0,0,0.024975024,0,0,0,0.024975024,0.04995005,0.07492507,0.024975024,0,0,0,0.024975024,0.07492507,0,0.024975024,0,0,0,0,0.0999001,0.024975024,0.024975024,0,0.0999001,0.024975024,0,0,0.024975024,0.024975024,0.12487513,0,0.04995005,0.024975024,0,0,0.024975024,0,0.04995005,0.04995005,0.024975024,0.024975024,0,0.0999001,0,0,0,0.024975024,0.24975026,0.024975024,0,0,0,0,0,0.024975024,0.07492507,0,0.04995005
Quip for an Upstart Courtier,0.46968633,0.005398694,0.037790854,0.016196081,0,0.09177779,0.13496734,0.037790854,0.17815688,0.048588242,0,0.021594774,0.037790854,0.07558171,0,0,0.026993468,0.016196081,0.005398694,0.102575175,0.021594774,0.032392163,0.07018302,0.064784326,0,0.005398694,0.021594774,0.016196081,0.026993468,0.037790854,0.053986937,0.048588242,0.113372564,0.048588242,0.026993468,0.021594774,0.059385628,0.07558171,0.010797387,0.026993468,0.09177779,0.037790854,0,0.016196081,0,0.005398694,0.032392163,0,0,0.010797387,0.005398694,0.016196081,0.026993468,0.07018302,0.021594774,0.016196081,0.021594774,0.010797387,0.010797387,0.016196081,0.064784326,0.043189548,0.037790854,0.016196081,0.037790854,0.059385628,0.032392163,0.010797387,0.053986937,0.043189548,0.07018302,0.026993468,0.021594774,0.026993468,0.032392163,0,0.026993468,0.032392163,0.037790854,0.010797387,0.016196081,0.026993468,0.010797387,0.021594774,0.005398694,0.021594774,0.021594774,0.037790854,0.016196081,0.026993468,0.043189548,0.010797387,0,0.043189548,0.016196081,0.059385628,0.005398694,0.032392163,0.048588242,0,0.026993468,0,0.010797387,0.053986937,0.021594774,0.016196081,0.032392163,0.016196081,0.048588242,0.037790854,0.048588242,0.043189548,0.09177779,0.102575175,0.010797387,0.064784326,0.048588242,0.032392163,0.053986937,0.021594774,0.026993468,0.016196081,0.016196081,0,0.080980405,0,0.010797387,0.010797387,0,0.021594774,0.021594774,0.005398694,0.043189548,0.043189548,0.043189548,0.053986937,0.016196081,0,0.010797387,0.021594774,0.010797387,0.010797387,0.016196081,0.010797387,0.032392163,0.010797387,0.016196081,0.048588242,0.043189548,0.021594774,0.010797387,0.032392163,0.021594774,0.010797387,0.010797387,0.048588242,0.005398694,0.016196081,0.043189548,0.010797387,0.037790854,0.010797387,0,0.037790854,0.026993468,0.005398694,0.016196081,0.016196081,0.010797387,0.037790854,0.010797387,0.021594774,0.016196081,0.010797387,0.010797387,0.053986937,0.032392163,0.102575175,0,0.032392163,0.032392163,0.010797387,0.026993468,0.048588242,0.053986937,0.010797387,0.043189548,0.010797387,0.113372564,0.010797387,0.021594774,0.026993468,0.059385628,0.005398694,0.010797387,0,0,0.048588242,0.032392163,0.016196081,0.005398694,0.016196081,0.026993468,0.010797387,0,0.010797387,0.010797387,0.048588242,0,0.005398694,0.026993468,0.037790854,0.032392163,0.016196081,0,0.005398694,0,0.016196081,0.026993468,0.005398694,0,0.026993468,0.010797387,0.09177779,0.016196081,0.016196081,0.026993468,0,0.005398694
Strange News,0.017779358,0.004444839,0.022224197,0,0.035558715,0.035558715,0.022224197,0.022224197,0.031113876,0.14223486,0,0.013334518,0.017779358,0.022224197,0,0,0.031113876,0.057782914,0.035558715,0.026669037,0.062227752,0.026669037,0.026669037,0.022224197,0.013334518,0.008889679,0.053338073,0.013334518,0.1911281,0.026669037,0.053338073,0.022224197,0.017779358,0.008889679,0.07111743,0.013334518,0.013334518,0.048893236,0.013334518,0.013334518,0.048893236,0.017779358,0,0.040003557,0.008889679,0.013334518,0.040003557,0,0.06667259,0.004444839,0.026669037,0.017779358,0.017779358,0.031113876,0.017779358,0,0.004444839,0.026669037,0.008889679,0.017779358,0.031113876,0.035558715,0.017779358,0.004444839,0.008889679,0.017779358,0.022224197,0.017779358,0.040003557,0.031113876,0.031113876,0.017779358,0.035558715,0.022224197,0.008889679,0,0.022224197,0.048893236,0.022224197,0.1466797,0.022224197,0.004444839,0.008889679,0.004444839,0.022224197,0.017779358,0.008889679,0.057782914,0.031113876,0.044448394,0.031113876,0.053338073,0.026669037,0.031113876,0.017779358,0.035558715,0.053338073,0.031113876,0.017779358,0.017779358,0.013334518,0.004444839,0.026669037,0.004444839,0.035558715,0.035558715,0.013334518,0.048893236,0.004444839,0.053338073,0.06667259,0.008889679,0.017779358,0.013334518,0,0.031113876,0.035558715,0.013334518,0.031113876,0.013334518,0.017779358,0.022224197,0,0.004444839,0.035558715,0.053338073,0.004444839,0.004444839,0,0.022224197,0,0,0.022224197,0.040003557,0.004444839,0.044448394,0.008889679,0.08445195,0.022224197,0.031113876,0.008889679,0.07556227,0.017779358,0.013334518,0.026669037,0.044448394,0.022224197,0.031113876,0.022224197,0.004444839,0.031113876,0.017779358,0.031113876,0.013334518,0,0.013334518,0.048893236,0.013334518,0.062227752,0.026669037,0.026669037,0.022224197,0.013334518,0.057782914,0.022224197,0.031113876,0.017779358,0.013334518,0.026669037,0.013334518,0.008889679,0.035558715,0.008889679,0.040003557,0.004444839,0.013334518,0.004444839,0.057782914,0,0.013334518,0.017779358,0.017779358,0,0.026669037,0.026669037,0.026669037,0.026669037,0.017779358,0.013334518,0.008889679,0.017779358,0.040003557,0.057782914,0.12890035,0.004444839,0.008889679,0.008889679,0.031113876,0.022224197,0.017779358,0.022224197,0.004444839,0.013334518,0.10667615,0.008889679,0.035558715,0.017779358,0.022224197,0.013334518,0,0.035558715,0.022224197,0.017779358,0.035558715,0.004444839,0.008889679,0.013334518,0.031113876,0.09334163,0.026669037,0.026669037,0.017779358,0,0.022224197,0,0.008889679,0.040003557,0.004444839,0.008889679
Terrors of the Night,0,0.022473594,0,0.06742078,0.11985917,0.014982396,0.029964792,0,0,0,0,0.029964792,0.052438386,0.014982396,0,0.014982396,0.03745599,0.07491198,0.08989438,0.029964792,0.09738557,0.007491198,0.029964792,0.014982396,0,0,0.08989438,0.03745599,0.014982396,0.022473594,0.014982396,0.014982396,0,0.014982396,0.022473594,0.022473594,0,0.029964792,0.029964792,0.007491198,0.04494719,0.14233276,0,0.022473594,0.007491198,0.014982396,0.007491198,0.03745599,0.03745599,0.014982396,0.007491198,0.08989438,0.052438386,0.022473594,0.007491198,0.022473594,0.029964792,0,0.007491198,0.04494719,0.15731515,0.082403176,0.007491198,0.03745599,0.007491198,0.059929583,0.007491198,0.022473594,0.029964792,0.014982396,0.04494719,0.09738557,0.03745599,0.029964792,0.059929583,0,0.007491198,0.007491198,0.007491198,0.059929583,0.04494719,0.007491198,0.022473594,0.022473594,0.029964792,0.022473594,0.022473594,0.04494719,0.03745599,0.007491198,0.014982396,0.014982396,0.022473594,0.007491198,0.052438386,0.03745599,0.029964792,0.029964792,0.022473594,0.022473594,0.029964792,0.014982396,0.03745599,0.014982396,0.03745599,0.04494719,0.014982396,0.029964792,0.052438386,0.014982396,0.022473594,0.029964792,0,0.04494719,0.014982396,0.08989438,0.007491198,0,0.029964792,0.022473594,0.06742078,0.029964792,0,0,0.007491198,0.03745599,0,0,0.022473594,0.029964792,0,0,0.022473594,0.022473594,0.04494719,0.03745599,0.007491198,0,0.03745599,0.014982396,0.014982396,0,0.014982396,0.022473594,0.04494719,0.03745599,0.007491198,0.022473594,0.014982396,0,0.029964792,0,0.03745599,0.007491198,0.03745599,0.029964792,0.029964792,0.014982396,0.029964792,0.03745599,0.022473594,0.007491198,0.007491198,0.022473594,0.052438386,0,0.007491198,0.03745599,0.022473594,0.014982396,0.007491198,0.022473594,0,0,0,0,0.007491198,0.014982396,0.022473594,0.014982396,0.04494719,0.007491198,0.014982396,0.029964792,0.007491198,0.029964792,0.052438386,0.014982396,0.007491198,0.03745599,0.03745599,0.04494719,0.029964792,0.007491198,0.04494719,0.029964792,0,0.007491198,0.06742078,0,0.014982396,0.022473594,0.007491198,0.007491198,0.007491198,0,0.007491198,0.014982396,0,0,0.03745599,0.029964792,0.007491198,0.029964792,0.007491198,0.10487677,0,0.022473594,0.022473594,0.029964792,0.022473594,0.014982396,0.007491198,0.029964792,0,0.014982396,0.022473594,0.014982396,0.082403176
Unfortunate Traveller,0.08021242,0.03319135,0.038723238,0.013829729,0.0968081,0.041489184,0.035957295,0,0.024893511,0.019361619,0.002765946,0.030425403,0.0663827,0.013829729,0.013829729,0.008297837,0.049787022,0.030425403,0.11616972,0.055318914,0.030425403,0.038723238,0.035957295,0.005531891,0.022127565,0.011063783,0.055318914,0.027659457,0.013829729,0.04425513,0.030425403,0.085744314,0.013829729,0.016595675,0.07468054,0.049787022,0.008297837,0.06361675,0.013829729,0.041489184,0.024893511,0.03319135,0.027659457,0.038723238,0.005531891,0.041489184,0.016595675,0.041489184,0.049787022,0.005531891,0.05255297,0.077446476,0.038723238,0.041489184,0.022127565,0.030425403,0.016595675,0.024893511,0.022127565,0.024893511,0.055318914,0.047021076,0.041489184,0.069148645,0.03319135,0.027659457,0.047021076,0.013829729,0.013829729,0.008297837,0.030425403,0.0663827,0.038723238,0.022127565,0.047021076,0.016595675,0.0968081,0.019361619,0.0663827,0.011063783,0.07191459,0.024893511,0.013829729,0.024893511,0.011063783,0.022127565,0.022127565,0.047021076,0.019361619,0.030425403,0.049787022,0.013829729,0.013829729,0.038723238,0.030425403,0.041489184,0.024893511,0.030425403,0.013829729,0.008297837,0.030425403,0.019361619,0.030425403,0.011063783,0.035957295,0.04425513,0,0.024893511,0.030425403,0.005531891,0.022127565,0.022127565,0.024893511,0.030425403,0.002765946,0.011063783,0.04425513,0.022127565,0.016595675,0.030425403,0.05808486,0.024893511,0,0.005531891,0.011063783,0.05255297,0,0.005531891,0.030425403,0.035957295,0.011063783,0.047021076,0.022127565,0.002765946,0.049787022,0.019361619,0.011063783,0.002765946,0.005531891,0.016595675,0.027659457,0.013829729,0.016595675,0.005531891,0.024893511,0.016595675,0.019361619,0.049787022,0.016595675,0.019361619,0.013829729,0.022127565,0.030425403,0.016595675,0.005531891,0.008297837,0.055318914,0.016595675,0.027659457,0.019361619,0.035957295,0.030425403,0.011063783,0.013829729,0.019361619,0.019361619,0.03319135,0.024893511,0.035957295,0.022127565,0.013829729,0.03319135,0.002765946,0.016595675,0,0.016595675,0.005531891,0.04425513,0.002765946,0.027659457,0.019361619,0.019361619,0.016595675,0.041489184,0.030425403,0.047021076,0.016595675,0.030425403,0.011063783,0.038723238,0.013829729,0.06361675,0.027659457,0.013829729,0.035957295,0.008297837,0.002765946,0.008297837,0.013829729,0.024893511,0.016595675,0.002765946,0.005531891,0.027659457,0,0.024893511,0.024893511,0.027659457,0.008297837,0.002765946,0.030425403,0.013829729,0.005531891,0.035957295,0.005531891,0.013829729,0.008297837,0.019361619,0.03319135,0.019361619,0.047021076,0.008297837,0.013829729,0.013829729,0.008297837,0,0.016595675,0.005531891,0.06361675
Vision,0.28871083,0.17676173,0.22389819,0.15908556,0.058920573,0.07070469,0.029460287,0.15319349,0.10016498,0.041244403,0.053028516,0.005892057,0.02356823,0.058920573,0.10016498,0.10016498,0.017676173,0.076596744,0.011784115,0.005892057,0.041244403,0.02356823,0.076596744,0.09427292,0.09427292,0.06481263,0.017676173,0.017676173,0.07070469,0.058920573,0.005892057,0.017676173,0.041244403,0.035352346,0.011784115,0.029460287,0.011784115,0.011784115,0.035352346,0.029460287,0.053028516,0.041244403,0.07070469,0.02356823,0.041244403,0.041244403,0.053028516,0.02356823,0.02356823,0.017676173,0.017676173,0.005892057,0.005892057,0.035352346,0.011784115,0.029460287,0.09427292,0.10605703,0.011784115,0.053028516,0.005892057,0.041244403,0.017676173,0.02356823,0.029460287,0.02356823,0.035352346,0.011784115,0.011784115,0.041244403,0.035352346,0.029460287,0.035352346,0.02356823,0.035352346,0.06481263,0.04713646,0.035352346,0.02356823,0.029460287,0.017676173,0.017676173,0.029460287,0.053028516,0.058920573,0.041244403,0.07070469,0.02356823,0.053028516,0.02356823,0.017676173,0.10605703,0.06481263,0.029460287,0.041244403,0.005892057,0.035352346,0.029460287,0.011784115,0.12373321,0.011784115,0.02356823,0.029460287,0.04713646,0.011784115,0.011784115,0.053028516,0.035352346,0.035352346,0.029460287,0,0.029460287,0.07070469,0.017676173,0,0.035352346,0.02356823,0.011784115,0.011784115,0.02356823,0.029460287,0.04713646,0,0.017676173,0,0.011784115,0.15319349,0.005892057,0.005892057,0.035352346,0.20032996,0,0.06481263,0,0.02356823,0.02356823,0,0.017676173,0.02356823,0,0.005892057,0.041244403,0.076596744,0.04713646,0.035352346,0.02356823,0.041244403,0.011784115,0.011784115,0.011784115,0.029460287,0.017676173,0.02356823,0.058920573,0.06481263,0.053028516,0.017676173,0.035352346,0,0.04713646,0.017676173,0,0.02356823,0.06481263,0.005892057,0.005892057,0.005892057,0.005892057,0.017676173,0.011784115,0.053028516,0.017676173,0.011784115,0.017676173,0.09427292,0.005892057,0.053028516,0,0.029460287,0.029460287,0.005892057,0.082488805,0.04713646,0.005892057,0.02356823,0.041244403,0.04713646,0.02356823,0.005892057,0.035352346,0.082488805,0,0,0.06481263,0.005892057,0.029460287,0.10016498,0.02356823,0.06481263,0.011784115,0.082488805,0.011784115,0.02356823,0,0.005892057,0.04713646,0.011784115,0,0.041244403,0.041244403,0.005892057,0.011784115,0.011784115,0.017676173,0.035352346,0.02356823,0.06481263,0.017676173,0.011784115,0.035352346,0.017676173,0,0.005892057,0.02356823,0.035352346,0.02356823,0.011784115,0.005892057,0.017676173
Two Dangerous Comets,0.017319016,0,0.12123311,0,0,0,0.034638032,0,0,0,0,0,0.017319016,0.034638032,0.017319016,0,0.069276065,0.05195705,0.034638032,0.15587115,0.017319016,0.08659508,0.017319016,0,0.05195705,0.034638032,0,0,0.05195705,0.069276065,0.46761343,0.017319016,0,0,0,0.017319016,0,0.017319016,0,0,0.069276065,0.017319016,0.017319016,0.034638032,0,0,0.13855213,0,0.034638032,0,0,0.017319016,0.069276065,0.069276065,0.034638032,0.034638032,0.017319016,0,0,0.034638032,0.05195705,0.034638032,0.034638032,0.017319016,0.017319016,0.017319016,0.017319016,0.12123311,0.034638032,0.017319016,0,0.08659508,0,0.017319016,0.05195705,0.017319016,0,0.017319016,0,0.05195705,0,0.034638032,0.1039141,0.017319016,0.017319016,0.1039141,0,0.034638032,0,0,0,0.017319016,0,0,0.034638032,0,0.017319016,0.069276065,0.15587115,0,0.05195705,0.017319016,0.017319016,0.05195705,0,0,0,0.017319016,0,0.017319016,0.05195705,0.08659508,0.13855213,0.017319016,0,0,0.034638032,0,0.05195705,0.034638032,0,0.1039141,0,0,0,0.017319016,0,0,0.017319016,0,0.017319016,0,0,0.13855213,0,0.034638032,0.017319016,0,0,0.034638032,0,0,0.017319016,0.034638032,0.017319016,0.034638032,0.034638032,0.17319016,0.05195705,0.05195705,0,0.017319016,0,0.05195705,0.017319016,0,0,0.017319016,0.1039141,0,0,0.034638032,0,0.069276065,0.034638032,0,0,0,0,0,0,0,0,0.05195705,0,0.017319016,0.017319016,0,0.017319016,0,0.017319016,0,0.017319016,0.034638032,0.05195705,0.12123311,0.034638032,0,0.017319016,0.034638032,0.034638032,0,0.017319016,0,0,0,0.017319016,0,0,0.017319016,0.017319016,0,0.034638032,0.017319016,0,0.034638032,0.034638032,0.05195705,0,0,0.017319016,0.017319016,0.017319016,0.017319016,0,0.017319016,0,0.034638032,0.017319016,0.05195705,0,0.017319016,0,0,0,0.017319016,0.069276065,0,0
Wonderful Prognostication,0,0.01953125,0,0,0.078125,0,0,0,0.01953125,0,0,0.01953125,0.0390625,0,0.01953125,0,0.0390625,0.01953125,0,0.13671875,0,0.0390625,0,0,0,0,0.01953125,0,0.0390625,0.0390625,0.60546875,0.01953125,0,0.01953125,0,0,0.0390625,0.01953125,0.01953125,0,0,0.078125,0,0.0390625,0,0.25390625,0.25390625,0,0,0,0,0,0.01953125,0.09765625,0,0.01953125,0,0.01953125,0,0.078125,0.01953125,0.0390625,0.0390625,0,0,0.01953125,0,0.01953125,0.01953125,0.01953125,0.01953125,0.0390625,0,0.01953125,0,0,0,0.078125,0,0,0.01953125,0,0.01953125,0,0,0.01953125,0.01953125,0.05859375,0.0390625,0.01953125,0,0,0,0,0.13671875,0.09765625,0,0.01953125,0.1171875,0,0.1171875,0,0.078125,0.0390625,0,0,0.01953125,0.01953125,0,0,0.01953125,0.1953125,0,0,0,0.01953125,0.01953125,0,0,0.01953125,0.01953125,0.0390625,0,0.01953125,0,0,0.01953125,0,0.01953125,0.0390625,0,0.01953125,0,0.1953125,0.05859375,0.05859375,0,0,0.0390625,0.078125,0,0,0.01953125,0.01953125,0.0390625,0,0,0.0390625,0.0390625,0.05859375,0.0390625,0,0.01953125,0.0390625,0.01953125,0.01953125,0,0,0.01953125,0,0.0390625,0,0,0.05859375,0.0390625,0,0,0.05859375,0.078125,0,0,0.0390625,0,0.01953125,0.0390625,0,0,0.05859375,0.0390625,0,0,0,0.078125,0.0390625,0,0.09765625,0.01953125,0,0.01953125,0.05859375,0,0,0,0,0,0.09765625,0,0,0,0,0,0.41015625,0.01953125,0.01953125,0,0,0.01953125,0.0390625,0.05859375,0,0.01953125,0,0,0,0,0,0,0.0390625,0.0390625,0.01953125,0,0.0390625,0,0.078125,0,0,0.01953125,0,0